WARNING: No label for address (21840):
  25207 JP 21840
WARNING: No label for address (26171):
  26169 JR 26171
WARNING: No label for address (26243):
  26241 JR NZ,26243
WARNING: No label for address (26255):
  26253 JR 26255
WARNING: No label for address (26605):
  26603 JR Z,26605
WARNING: No label for address (26620):
  26618 JR 26620
WARNING: No label for address (26626):
  26624 DJNZ 26626
WARNING: No label for address (26695):
  26693 JR 26695
WARNING: No label for address (27322):
  27314 JR NC,27322
WARNING: No label for address (27393):
  27386 JR 27393
WARNING: No label for address (27411):
  27409 JR 27411
WARNING: No label for address (28592):
  28590 JR 28592
WARNING: No label for address (29109):
  29073 JR 29109
WARNING: No label for address (32977):
  29160 LD DE,32977
WARNING: No label for address (41504):
  29176 LD (41504),HL
WARNING: No label for address (41504):
  29180 LD HL,41504
WARNING: No label for address (29135):
  29194 DJNZ 29135
WARNING: No label for address (59554):
  29209 LD DE,59554
WARNING: No label for address (41488):
  29212 LD HL,41488
WARNING: No label for address (29553):
  29481 JR NC,29553
WARNING: No label for address (29427):
  29489 JR NC,29427
WARNING: No label for address (49184):
  29492 LD HL,49184
WARNING: No label for address (29605):
  29500 JR NC,29605
WARNING: No label for address (29639):
  29530 JR 29639
WARNING: No label for address (33120):
  29542 LD (33120),HL
WARNING: No label for address (35969):
  29547 LD HL,35969
WARNING: No label for address (29590):
  29554 JR Z,29590
WARNING: No label for address (33409):
  29559 LD DE,33409
WARNING: No label for address (57959):
  29568 LD DE,57959
WARNING: No label for address (57729):
  29575 LD DE,57729
WARNING: No label for address (33040):
  29578 LD HL,33040
WARNING: No label for address (33153):
  29587 LD (33153),HL
WARNING: No label for address (35687):
  29600 LD DE,35687
WARNING: No label for address (33895):
  29636 LD DE,33895
WARNING: No label for address (29745):
  29640 DJNZ 29745
WARNING: No label for address (33921):
  29644 LD DE,33921
WARNING: No label for address (33409):
  29656 LD (33409),HL
WARNING: No label for address (29686):
  29667 JR 29686
WARNING: No label for address (29586):
  29673 DJNZ 29586
WARNING: No label for address (29563):
  29688 JR NZ,29563
WARNING: No label for address (44560):
  29696 LD DE,44560
WARNING: No label for address (29622):
  29709 DJNZ 29622
WARNING: No label for address (29667):
  29725 DJNZ 29667
WARNING: No label for address (33281):
  29730 CALL NZ,33281
WARNING: No label for address (17024):
  29745 JP P,17024
WARNING: No label for address (29819):
  29748 JR NC,29819
WARNING: No label for address (27395):
  29766 JP PO,27395
WARNING: No label for address (29727):
  29779 DJNZ 29727
WARNING: No label for address (19472):
  29790 LD DE,19472
WARNING: No label for address (20320):
  29964 LD DE,20320
WARNING: No label for address (30019):
  29968 JR C,30019
WARNING: No label for address (16768):
  29987 CALL Z,16768
WARNING: No label for address (30093):
  30087 JR NZ,30093
WARNING: No label for address (30018):
  30095 DJNZ 30018
WARNING: No label for address (30016):
  30104 JR NZ,30016
WARNING: No label for address (16384):
  30107 LD DE,16384
WARNING: No label for address (30016):
  30115 CALL 30016
WARNING: No label for address (18432):
  30118 LD DE,18432
WARNING: No label for address (30016):
  30123 CALL 30016
WARNING: No label for address (22528):
  30147 LD HL,22528
WARNING: No label for address (30164):
  30173 DJNZ 30164
WARNING: No label for address (30160):
  30194 CALL 30160
WARNING: No label for address (30160):
  30202 JP 30160
WARNING: No label for address (23560):
  30362 LD (23560),A
WARNING: No label for address (23296):
  30365 LD (23296),A
WARNING: No label for address (30538):
  30376 LD HL,30538
WARNING: No label for address (30538):
  30389 LD HL,30538
WARNING: No label for address (23560):
  30396 LD (23560),A
WARNING: No label for address (23296):
  30406 LD DE,23296
WARNING: No label for address (42803):
  30419 JP 42803
WARNING: No label for address (23560):
  30427 LD (23560),A
WARNING: No label for address (30435):
  30430 LD SP,(30435)
WARNING: No label for address (30538):
  30437 JP 30538
WARNING: No label for address (23560):
  30440 LD A,(23560)
WARNING: No label for address (30461):
  30450 JR C,30461
WARNING: No label for address (30461):
  30454 JR NC,30461
WARNING: No label for address (23560):
  30458 LD (23560),A
WARNING: No label for address (30435):
  30461 LD (30435),SP
WARNING: No label for address (44074):
  30468 CALL 44074
WARNING: No label for address (44286):
  30473 CALL 44286
WARNING: No label for address (44286):
  30477 CALL 44286
WARNING: No label for address (30496):
  30483 JP Z,30496
WARNING: No label for address (30437):
  30488 JP NZ,30437
WARNING: No label for address (23560):
  30492 LD (23560),A
WARNING: No label for address (30538):
  30496 LD HL,30538
WARNING: No label for address (30491):
  30509 JR Z,30491
WARNING: No label for address (23296):
  30515 LD HL,23296
WARNING: No label for address (30502):
  30522 JR C,30502
WARNING: No label for address (42803):
  30527 CALL 42803
WARNING: No label for address (44286):
  30532 CALL 44286
WARNING: No label for address (30491):
  30535 JP 30491
WARNING: No label for address (30670):
  30548 JP C,30670
WARNING: No label for address (30670):
  30554 JR Z,30670
WARNING: No label for address (30206):
  30556 LD HL,30206
WARNING: No label for address (30748):
  30564 JP NZ,30748
WARNING: No label for address (30601):
  30574 JR Z,30601
WARNING: No label for address (30612):
  30578 JR NZ,30612
WARNING: No label for address (44880):
  30588 LD BC,(44880)
WARNING: No label for address (30601):
  30593 JR Z,30601
WARNING: No label for address (30342):
  30595 LD HL,30342
WARNING: No label for address (30765):
  30598 JP 30765
WARNING: No label for address (23296):
  30616 LD HL,23296
WARNING: No label for address (30637):
  30624 JR NZ,30637
WARNING: No label for address (30695):
  30639 JR Z,30695
WARNING: No label for address (30695):
  30643 JR Z,30695
WARNING: No label for address (30256):
  30645 LD HL,30256
WARNING: No label for address (30774):
  30653 JP Z,30774
WARNING: No label for address (30400):
  30656 CALL 30400
WARNING: No label for address (30422):
  30659 CALL 30422
WARNING: No label for address (30680):
  30664 JR Z,30680
WARNING: No label for address (30680):
  30668 JR NZ,30680
WARNING: No label for address (30682):
  30678 JR 30682
WARNING: No label for address (44286):
  30682 CALL 44286
WARNING: No label for address (30422):
  30685 CALL 30422
WARNING: No label for address (30670):
  30690 JR Z,30670
WARNING: No label for address (30538):
  30692 JP 30538
WARNING: No label for address (44243):
  30699 CALL 44243
WARNING: No label for address (30328):
  30702 LD (30328),BC
WARNING: No label for address (30400):
  30706 CALL 30400
WARNING: No label for address (44243):
  30709 CALL 44243
WARNING: No label for address (30720):
  30714 JR NZ,30720
WARNING: No label for address (30422):
  30720 CALL 30422
WARNING: No label for address (30662):
  30731 JR NZ,30662
WARNING: No label for address (30328):
  30733 LD BC,(30328)
WARNING: No label for address (44267):
  30737 CALL 44267
WARNING: No label for address (30612):
  30745 JP 30612
WARNING: No label for address (30756):
  30752 JR NC,30756
WARNING: No label for address (30335):
  30756 LD (30335),A
WARNING: No label for address (30335):
  30762 LD HL,30335
WARNING: No label for address (44773):
  30765 CALL 44773
WARNING: No label for address (30422):
  30768 CALL 30422
WARNING: No label for address (30538):
  30771 JP 30538
WARNING: No label for address (30782):
  30778 JR NZ,30782
WARNING: No label for address (30400):
  30785 CALL 30400
WARNING: No label for address (30422):
  30788 CALL 30422
WARNING: No label for address (30970):
  30793 JP Z,30970
WARNING: No label for address (30970):
  30798 JP Z,30970
WARNING: No label for address (44286):
  30804 CALL 44286
WARNING: No label for address (44243):
  30812 CALL 44243
WARNING: No label for address (30328):
  30815 LD (30328),BC
WARNING: No label for address (30888):
  30822 JR Z,30888
WARNING: No label for address (30888):
  30826 JP Z,30888
WARNING: No label for address (30888):
  30831 JR Z,30888
WARNING: No label for address (44286):
  30842 CALL 44286
WARNING: No label for address (44243):
  30845 CALL 44243
WARNING: No label for address (30883):
  30850 JR NZ,30883
WARNING: No label for address (30328):
  30852 LD BC,(30328)
WARNING: No label for address (44267):
  30857 CALL 44267
WARNING: No label for address (44286):
  30862 CALL 44286
WARNING: No label for address (44243):
  30865 CALL 44243
WARNING: No label for address (30328):
  30868 LD (30328),BC
WARNING: No label for address (44286):
  30878 CALL 44286
WARNING: No label for address (30876):
  30881 DJNZ 30876
WARNING: No label for address (30422):
  30883 CALL 30422
WARNING: No label for address (30820):
  30886 JR 30820
WARNING: No label for address (30912):
  30907 JR Z,30912
WARNING: No label for address (30906):
  30910 JR 30906
WARNING: No label for address (30932):
  30935 JR NC,30932
WARNING: No label for address (30970):
  30937 JP Z,30970
WARNING: No label for address (30965):
  30957 JR NZ,30965
WARNING: No label for address (30974):
  30960 JP PO,30974
WARNING: No label for address (30954):
  30963 JR 30954
WARNING: No label for address (30944):
  30968 DJNZ 30944
WARNING: No label for address (30978):
  30972 JR 30978
WARNING: No label for address (23296):
  30986 LD HL,23296
WARNING: No label for address (23296):
  30992 LD HL,23296
WARNING: No label for address (23560):
  30997 LD A,(23560)
WARNING: No label for address (30662):
  31004 JP Z,30662
WARNING: No label for address (30970):
  31009 JR Z,30970
WARNING: No label for address (30970):
  31013 JR Z,30970
WARNING: No label for address (44286):
  31017 CALL 44286
WARNING: No label for address (30788):
  31020 JP 30788
WARNING: No label for address (30180):
  31027 CALL 30180
WARNING: No label for address (23672):
  31037 LD (23672),HL
WARNING: No label for address (30361):
  31040 CALL 30361
WARNING: No label for address (33463):
  31043 CALL 33463
WARNING: No label for address (23672):
  31046 LD A,(23672)
WARNING: No label for address (44920):
  31049 LD (44920),A
WARNING: No label for address (23672):
  31052 LD A,(23672)
WARNING: No label for address (44920):
  31055 LD HL,44920
WARNING: No label for address (31052):
  31061 JR C,31052
WARNING: No label for address (23672):
  31063 LD A,(23672)
WARNING: No label for address (30107):
  31067 CALL 30107
WARNING: No label for address (30440):
  31070 CALL 30440
WARNING: No label for address (41617):
  31073 CALL 41617
WARNING: No label for address (34709):
  31076 CALL 34709
WARNING: No label for address (42757):
  31079 CALL 42757
WARNING: No label for address (31024):
  31087 JP Z,31024
WARNING: No label for address (31101):
  31091 JR NZ,31101
WARNING: No label for address (23296):
  31093 LD A,(23296)
WARNING: No label for address (31024):
  31098 JP Z,31024
WARNING: No label for address (31133):
  31108 JR NZ,31133
WARNING: No label for address (31111):
  31115 JR Z,31111
WARNING: No label for address (31117):
  31124 JR NZ,31117
WARNING: No label for address (31126):
  31130 JR Z,31126
WARNING: No label for address (31145):
  31135 JR NZ,31145
WARNING: No label for address (31138):
  31142 JR Z,31138
WARNING: No label for address (31052):
  31145 JP 31052
WARNING: No label for address (31163):
  31167 DJNZ 31163
WARNING: No label for address (31154):
  31175 JR 31154
WARNING: No label for address (31148):
  31191 CALL 31148
WARNING: No label for address (26527):
  31206 LD HL,26527
WARNING: No label for address (43000):
  31209 CALL 43000
WARNING: No label for address (44944):
  31212 LD (44944),HL
WARNING: No label for address (28251):
  31221 LD HL,28251
WARNING: No label for address (31240):
  31226 JR NC,31240
WARNING: No label for address (31235):
  31238 JR NZ,31235
WARNING: No label for address (31274):
  31258 JR NC,31274
WARNING: No label for address (31271):
  31264 JR C,31271
WARNING: No label for address (31256):
  31277 JR NZ,31256
WARNING: No label for address (31286):
  31292 DJNZ 31286
WARNING: No label for address (31318):
  31303 JR Z,31318
WARNING: No label for address (31318):
  31307 JR Z,31318
WARNING: No label for address (31318):
  31311 JR Z,31318
WARNING: No label for address (31300):
  31314 DJNZ 31300
WARNING: No label for address (33518):
  31322 CALL 33518
WARNING: No label for address (31326):
  31344 JR NZ,31326
WARNING: No label for address (31383):
  31358 JR C,31383
WARNING: No label for address (31383):
  31362 JR NC,31383
WARNING: No label for address (31326):
  31368 CALL 31326
WARNING: No label for address (31385):
  31371 JR NC,31385
WARNING: No label for address (31368):
  31375 JR NZ,31368
WARNING: No label for address (31368):
  31381 JR NZ,31368
WARNING: No label for address (31326):
  31387 CALL 31326
WARNING: No label for address (31387):
  31394 JR Z,31387
WARNING: No label for address (31408):
  31398 JR Z,31408
WARNING: No label for address (31408):
  31402 JR Z,31408
WARNING: No label for address (31387):
  31406 JR NZ,31387
WARNING: No label for address (31387):
  31420 JR NC,31387
WARNING: No label for address (42628):
  31443 CALL 42628
WARNING: No label for address (42472):
  31448 CALL 42472
WARNING: No label for address (31534):
  31453 JR Z,31534
WARNING: No label for address (42628):
  31476 CALL 42628
WARNING: No label for address (42608):
  31512 CALL 42608
WARNING: No label for address (31531):
  31528 JR NC,31531
WARNING: No label for address (46141):
  31549 LD BC,(46141)
WARNING: No label for address (31576):
  31557 JR NZ,31576
WARNING: No label for address (31435):
  31559 CALL 31435
WARNING: No label for address (31576):
  31567 JR Z,31576
WARNING: No label for address (31553):
  31580 JR NZ,31553
WARNING: No label for address (31607):
  31601 JR Z,31607
WARNING: No label for address (31585):
  31605 JR NZ,31585
WARNING: No label for address (31387):
  31611 CALL 31387
WARNING: No label for address (31585):
  31614 JR Z,31585
WARNING: No label for address (31638):
  31625 JR Z,31638
WARNING: No label for address (41391):
  31627 LD HL,41391
WARNING: No label for address (31611):
  31636 JR 31611
WARNING: No label for address (31611):
  31650 JR 31611
WARNING: No label for address (31743):
  31677 JR 31743
WARNING: No label for address (31740):
  31686 JR Z,31740
WARNING: No label for address (31699):
  31690 JR NZ,31699
WARNING: No label for address (31740):
  31697 JR 31740
WARNING: No label for address (48057):
  31704 LD BC,48057
WARNING: No label for address (31733):
  31729 JR NZ,31733
WARNING: No label for address (41778):
  31733 CALL 41778
WARNING: No label for address (31679):
  31745 DJNZ 31679
WARNING: No label for address (31758):
  31754 JR NZ,31758
WARNING: No label for address (41778):
  31764 CALL 41778
WARNING: No label for address (31778):
  31774 JR NZ,31778
WARNING: No label for address (41778):
  31784 CALL 41778
WARNING: No label for address (31794):
  31787 JP 31794
WARNING: No label for address (31852):
  31806 JR Z,31852
WARNING: No label for address (31816):
  31810 JR C,31816
WARNING: No label for address (31808):
  31814 JR 31808
WARNING: No label for address (41778):
  31822 CALL 41778
WARNING: No label for address (31852):
  31830 JR NC,31852
WARNING: No label for address (31852):
  31834 JR C,31852
WARNING: No label for address (31852):
  31838 JR Z,31852
WARNING: No label for address (41778):
  31847 CALL 41778
WARNING: No label for address (31802):
  31858 DJNZ 31802
WARNING: No label for address (31326):
  31864 CALL 31326
WARNING: No label for address (31864):
  31870 JR NZ,31864
WARNING: No label for address (31887):
  31882 JR Z,31887
WARNING: No label for address (41778):
  31898 CALL 41778
WARNING: No label for address (41391):
  31901 LD HL,41391
WARNING: No label for address (31790):
  31916 LD HL,31790
WARNING: No label for address (31864):
  31924 JP NZ,31864
WARNING: No label for address (48056):
  31955 LD (48056),HL
WARNING: No label for address (41778):
  31968 CALL 41778
WARNING: No label for address (31864):
  31971 JR 31864
WARNING: No label for address (32129):
  32118 JR NZ,32129
WARNING: No label for address (32187):
  32127 JR 32187
WARNING: No label for address (57694):
  32155 LD BC,57694
WARNING: No label for address (44748):
  32158 CALL 44748
WARNING: No label for address (44286):
  32163 CALL 44286
WARNING: No label for address (44286):
  32167 CALL 44286
WARNING: No label for address (32187):
  32175 JR C,32187
WARNING: No label for address (32184):
  32181 JR C,32184
WARNING: No label for address (44286):
  32184 CALL 44286
WARNING: No label for address (32114):
  32189 DJNZ 32114
WARNING: No label for address (32379):
  32194 JP NZ,32379
WARNING: No label for address (44768):
  32197 CALL 44768
WARNING: No label for address (32202):
  32200 DJNZ 32202
WARNING: No label for address (44148):
  32205 CALL 44148
WARNING: No label for address (42949):
  32208 CALL 42949
WARNING: No label for address (32221):
  32214 DJNZ 32221
WARNING: No label for address (44768):
  32218 CALL 44768
WARNING: No label for address (32288):
  32250 JR Z,32288
WARNING: No label for address (32277):
  32262 JR 32277
WARNING: No label for address (32277):
  32267 JR NZ,32277
WARNING: No label for address (32277):
  32271 JR NZ,32277
WARNING: No label for address (32286):
  32275 JR 32286
WARNING: No label for address (32264):
  32280 JR NZ,32264
WARNING: No label for address (32242):
  32293 DJNZ 32242
WARNING: No label for address (32309):
  32297 JR NZ,32309
WARNING: No label for address (42949):
  32299 CALL 42949
WARNING: No label for address (32336):
  32321 JR NZ,32336
WARNING: No label for address (42965):
  32331 CALL 42965
WARNING: No label for address (32354):
  32334 JR 32354
WARNING: No label for address (44286):
  32338 CALL 44286
WARNING: No label for address (44286):
  32343 CALL 44286
WARNING: No label for address (42803):
  32346 CALL 42803
WARNING: No label for address (44286):
  32351 CALL 44286
WARNING: No label for address (44286):
  32356 CALL 44286
WARNING: No label for address (32312):
  32366 JR NZ,32312
WARNING: No label for address (32378):
  32370 JR NZ,32378
WARNING: No label for address (32455):
  32381 JP NZ,32455
WARNING: No label for address (44768):
  32384 CALL 44768
WARNING: No label for address (44148):
  32392 CALL 44148
WARNING: No label for address (42949):
  32395 CALL 42949
WARNING: No label for address (44768):
  32401 CALL 44768
WARNING: No label for address (36088):
  32412 CALL 36088
WARNING: No label for address (32428):
  32415 JR NZ,32428
WARNING: No label for address (42949):
  32417 CALL 42949
WARNING: No label for address (32369):
  32431 LD HL,32369
WARNING: No label for address (32449):
  32437 JR NC,32449
WARNING: No label for address (44286):
  32442 CALL 44286
WARNING: No label for address (42803):
  32445 CALL 42803
WARNING: No label for address (32434):
  32452 JR NZ,32434
WARNING: No label for address (44768):
  32455 CALL 44768
WARNING: No label for address (32460):
  32458 DJNZ 32460
WARNING: No label for address (24068):
  32460 LD DE,24068
WARNING: No label for address (44148):
  32463 CALL 44148
WARNING: No label for address (42949):
  32466 CALL 42949
WARNING: No label for address (42812):
  32480 CALL 42812
WARNING: No label for address (44286):
  32485 CALL 44286
WARNING: No label for address (42949):
  32488 CALL 42949
WARNING: No label for address (44286):
  32506 CALL 44286
WARNING: No label for address (42949):
  32509 CALL 42949
WARNING: No label for address (44286):
  32528 CALL 44286
WARNING: No label for address (42697):
  32531 CALL 42697
WARNING: No label for address (44286):
  32539 CALL 44286
WARNING: No label for address (42803):
  32542 CALL 42803
WARNING: No label for address (44768):
  32545 CALL 44768
WARNING: No label for address (32588):
  32557 JR Z,32588
WARNING: No label for address (32598):
  32561 JR Z,32598
WARNING: No label for address (44286):
  32565 CALL 44286
WARNING: No label for address (44768):
  32568 CALL 44768
WARNING: No label for address (44286):
  32579 CALL 44286
WARNING: No label for address (44286):
  32584 CALL 44286
WARNING: No label for address (44768):
  32598 CALL 44768
WARNING: No label for address (23600):
  32601 LD SP,23600
WARNING: No label for address (22528):
  32608 LD HL,22528
WARNING: No label for address (32785):
  32815 LD DE,32785
WARNING: No label for address (42472):
  32822 CALL 42472
WARNING: No label for address (42608):
  32890 CALL 42608
WARNING: No label for address (31177):
  32904 CALL 31177
WARNING: No label for address (30180):
  32907 CALL 30180
WARNING: No label for address (38915):
  32910 CALL 38915
WARNING: No label for address (33035):
  32923 CALL 33035
WARNING: No label for address (39223):
  32926 CALL 39223
WARNING: No label for address (31539):
  32929 CALL 31539
WARNING: No label for address (32608):
  32932 CALL 32608
WARNING: No label for address (33518):
  32935 CALL 33518
WARNING: No label for address (31652):
  32938 CALL 31652
WARNING: No label for address (31667):
  32941 CALL 31667
WARNING: No label for address (36712):
  32949 CALL 36712
WARNING: No label for address (32801):
  32952 JP 32801
WARNING: No label for address (32969):
  32958 LD (32969),A
WARNING: No label for address (32972):
  32961 LD (32972),A
WARNING: No label for address (42362):
  32964 CALL 42362
WARNING: No label for address (32957):
  32979 JR C,32957
WARNING: No label for address (42362):
  32981 CALL 42362
WARNING: No label for address (23040):
  32997 LD HL,23040
WARNING: No label for address (44074):
  33011 CALL 44074
WARNING: No label for address (44148):
  33014 CALL 44148
WARNING: No label for address (44074):
  33019 CALL 44074
WARNING: No label for address (44148):
  33022 CALL 44148
WARNING: No label for address (44768):
  33025 CALL 44768
WARNING: No label for address (33035):
  33032 JP 33035
WARNING: No label for address (44074):
  33037 CALL 44074
WARNING: No label for address (44148):
  33040 CALL 44148
WARNING: No label for address (42949):
  33043 CALL 42949
WARNING: No label for address (33090):
  33058 LD HL,33090
WARNING: No label for address (44286):
  33068 CALL 44286
WARNING: No label for address (44286):
  33072 CALL 44286
WARNING: No label for address (44286):
  33077 CALL 44286
WARNING: No label for address (43069):
  33080 CALL 43069
WARNING: No label for address (33064):
  33087 DJNZ 33064
WARNING: No label for address (33090):
  33096 LD DE,33090
WARNING: No label for address (33127):
  33115 JR Z,33127
WARNING: No label for address (33147):
  33127 LD (33147),A
WARNING: No label for address (33153):
  33144 JR NC,33153
WARNING: No label for address (33153):
  33150 JR NC,33153
WARNING: No label for address (33142):
  33154 DJNZ 33142
WARNING: No label for address (33170):
  33162 JR Z,33170
WARNING: No label for address (33181):
  33175 JR Z,33181
WARNING: No label for address (33035):
  33178 CALL Z,33035
WARNING: No label for address (33090):
  33193 LD DE,33090
WARNING: No label for address (33214):
  33201 JR Z,33214
WARNING: No label for address (33209):
  33203 JR C,33209
WARNING: No label for address (33211):
  33207 JR 33211
WARNING: No label for address (33199):
  33216 DJNZ 33199
WARNING: No label for address (33090):
  33218 LD A,(33090)
WARNING: No label for address (33240):
  33222 JR NZ,33240
WARNING: No label for address (33240):
  33229 JR NZ,33240
WARNING: No label for address (36070):
  33235 CALL 36070
WARNING: No label for address (44074):
  33258 CALL 44074
WARNING: No label for address (33058):
  33261 JP 33058
WARNING: No label for address (33325):
  33279 JR Z,33325
WARNING: No label for address (36953):
  33297 CALL 36953
WARNING: No label for address (33317):
  33300 JR Z,33317
WARNING: No label for address (33325):
  33315 JR 33325
WARNING: No label for address (33270):
  33331 DJNZ 33270
WARNING: No label for address (33344):
  33339 JR Z,33344
WARNING: No label for address (33361):
  33372 JR NZ,33361
WARNING: No label for address (33384):
  33388 DJNZ 33384
WARNING: No label for address (44984):
  33396 LD A,(44984)
WARNING: No label for address (33400):
  33404 DJNZ 33400
WARNING: No label for address (33441):
  33431 JR NZ,33441
WARNING: No label for address (44848):
  33433 LD A,(44848)
WARNING: No label for address (33264):
  33438 JP Z,33264
WARNING: No label for address (44848):
  33443 LD (44848),A
WARNING: No label for address (33483):
  33467 JR Z,33483
WARNING: No label for address (33351):
  33469 CALL 33351
WARNING: No label for address (44880):
  33487 LD (44880),A
WARNING: No label for address (33093):
  33495 CALL 33093
WARNING: No label for address (44936):
  33500 LD (44936),A
WARNING: No label for address (32955):
  33503 CALL 32955
WARNING: No label for address (34702):
  33506 CALL 34702
WARNING: No label for address (32904):
  33512 CALL 32904
WARNING: No label for address (34709):
  33515 JP 34709
WARNING: No label for address (33549):
  33530 JR Z,33549
WARNING: No label for address (33549):
  33534 JR Z,33549
WARNING: No label for address (33549):
  33538 JR Z,33549
WARNING: No label for address (33528):
  33542 JR NZ,33528
WARNING: No label for address (33523):
  33545 DJNZ 33523
WARNING: No label for address (33605):
  33555 JR Z,33605
WARNING: No label for address (44984):
  33557 LD HL,44984
WARNING: No label for address (33605):
  33568 JR Z,33605
WARNING: No label for address (33624):
  33573 JR Z,33624
WARNING: No label for address (33570):
  33577 JR NZ,33570
WARNING: No label for address (31326):
  33584 CALL 31326
WARNING: No label for address (33606):
  33587 JR NC,33606
WARNING: No label for address (33584):
  33591 JR NZ,33584
WARNING: No label for address (33584):
  33597 JR NZ,33584
WARNING: No label for address (33606):
  33603 JR Z,33606
WARNING: No label for address (44074):
  33639 CALL 44074
WARNING: No label for address (44768):
  33642 CALL 44768
WARNING: No label for address (30383):
  33649 CALL 30383
WARNING: No label for address (44074):
  33657 CALL 44074
WARNING: No label for address (44768):
  33660 CALL 44768
WARNING: No label for address (46159):
  33672 LD SP,(46159)
WARNING: No label for address (44936):
  33676 LD A,(44936)
WARNING: No label for address (41519):
  33680 JP Z,41519
WARNING: No label for address (34636):
  33686 LD HL,34636
WARNING: No label for address (33717):
  33703 JR NZ,33717
WARNING: No label for address (33717):
  33710 JR NZ,33717
WARNING: No label for address (33728):
  33722 JR NZ,33728
WARNING: No label for address (46149):
  33731 LD A,(46149)
WARNING: No label for address (33741):
  33737 JR Z,33741
WARNING: No label for address (41778):
  33741 CALL 41778
WARNING: No label for address (41519):
  33744 JP 41519
WARNING: No label for address (33747):
  33747 JP 33747
WARNING: No label for address (33772):
  33761 JR Z,33772
WARNING: No label for address (33769):
  33765 JR C,33769
WARNING: No label for address (33849):
  33772 CALL 33849
WARNING: No label for address (33747):
  33782 JP Z,33747
WARNING: No label for address (44936):
  33785 LD HL,44936
WARNING: No label for address (33817):
  33792 JR C,33817
WARNING: No label for address (33800):
  33796 JR C,33800
WARNING: No label for address (33811):
  33807 JR Z,33811
WARNING: No label for address (33668):
  33817 CALL 33668
WARNING: No label for address (33772):
  33820 JR 33772
WARNING: No label for address (44936):
  33822 LD HL,44936
WARNING: No label for address (33836):
  33828 JR NZ,33836
WARNING: No label for address (33668):
  33830 CALL 33668
WARNING: No label for address (34740):
  33833 JP 34740
WARNING: No label for address (33842):
  33838 JR C,33842
WARNING: No label for address (33668):
  33843 CALL 33668
WARNING: No label for address (33822):
  33846 JP 33822
WARNING: No label for address (23296):
  33860 LD HL,23296
WARNING: No label for address (33822):
  33870 CALL 33822
WARNING: No label for address (34740):
  33873 JP 34740
WARNING: No label for address (34027):
  33886 JP 34027
WARNING: No label for address (33626):
  33889 CALL 33626
WARNING: No label for address (30411):
  33895 CALL 30411
WARNING: No label for address (44768):
  33898 CALL 44768
WARNING: No label for address (33655):
  33907 CALL 33655
WARNING: No label for address (33626):
  33913 CALL 33626
WARNING: No label for address (44768):
  33916 CALL 44768
WARNING: No label for address (42803):
  33927 CALL 42803
WARNING: No label for address (44286):
  33932 CALL 44286
WARNING: No label for address (33655):
  33935 CALL 33655
WARNING: No label for address (33986):
  33948 JR Z,33986
WARNING: No label for address (33962):
  33952 JR Z,33962
WARNING: No label for address (33962):
  33956 JR Z,33962
WARNING: No label for address (33967):
  33960 JR NZ,33967
WARNING: No label for address (33986):
  33965 JR 33986
WARNING: No label for address (33981):
  33971 JR C,33981
WARNING: No label for address (33981):
  33977 JR C,33981
WARNING: No label for address (33750):
  33997 CALL 33750
WARNING: No label for address (34027):
  34003 JP 34027
WARNING: No label for address (47221):
  34022 JP P,47221
WARNING: No label for address (34041):
  34031 JP NZ,34041
WARNING: No label for address (44880):
  34035 LD (44880),A
WARNING: No label for address (33822):
  34038 JP 33822
WARNING: No label for address (34060):
  34043 JR NZ,34060
WARNING: No label for address (34027):
  34049 JR NZ,34027
WARNING: No label for address (65535):
  34053 LD BC,65535
WARNING: No label for address (34027):
  34058 JR 34027
WARNING: No label for address (34109):
  34062 JR NZ,34109
WARNING: No label for address (34020):
  34065 LD HL,34020
WARNING: No label for address (34027):
  34077 JR NZ,34027
WARNING: No label for address (34093):
  34083 JR C,34093
WARNING: No label for address (36070):
  34085 CALL 36070
WARNING: No label for address (34027):
  34090 JP 34027
WARNING: No label for address (34027):
  34098 JP C,34027
WARNING: No label for address (36070):
  34101 CALL 36070
WARNING: No label for address (34027):
  34106 JP 34027
WARNING: No label for address (34027):
  34111 JR Z,34027
WARNING: No label for address (34152):
  34115 JR NZ,34152
WARNING: No label for address (32904):
  34121 CALL 32904
WARNING: No label for address (34020):
  34130 LD HL,34020
WARNING: No label for address (34148):
  34141 JR NZ,34148
WARNING: No label for address (34027):
  34149 JP 34027
WARNING: No label for address (34184):
  34154 JR NZ,34184
WARNING: No label for address (33822):
  34160 JP NZ,33822
WARNING: No label for address (33626):
  34170 CALL 33626
WARNING: No label for address (36975):
  34175 CALL 36975
WARNING: No label for address (33655):
  34178 CALL 33655
WARNING: No label for address (34201):
  34186 JR NZ,34201
WARNING: No label for address (22528):
  34188 LD A,(22528)
WARNING: No label for address (34027):
  34198 JP 34027
WARNING: No label for address (34215):
  34203 JR NZ,34215
WARNING: No label for address (34027):
  34212 JP 34027
WARNING: No label for address (34227):
  34217 JR NZ,34227
WARNING: No label for address (34027):
  34224 JP 34027
WARNING: No label for address (34239):
  34229 JR NZ,34239
WARNING: No label for address (37697):
  34232 CALL 37697
WARNING: No label for address (34027):
  34236 JP 34027
WARNING: No label for address (34251):
  34241 JR NZ,34251
WARNING: No label for address (36172):
  34244 CALL 36172
WARNING: No label for address (34027):
  34248 JP 34027
WARNING: No label for address (34263):
  34253 JR NZ,34263
WARNING: No label for address (36451):
  34256 CALL 36451
WARNING: No label for address (34027):
  34260 JP 34027
WARNING: No label for address (34314):
  34265 JR NZ,34314
WARNING: No label for address (34027):
  34271 JP NZ,34027
WARNING: No label for address (65535):
  34276 LD BC,65535
WARNING: No label for address (33626):
  34298 CALL 33626
WARNING: No label for address (36767):
  34301 LD HL,36767
WARNING: No label for address (42812):
  34304 CALL 42812
WARNING: No label for address (33655):
  34307 CALL 33655
WARNING: No label for address (34027):
  34311 JP 34027
WARNING: No label for address (34326):
  34316 JR NZ,34326
WARNING: No label for address (36777):
  34319 CALL 36777
WARNING: No label for address (34027):
  34323 JP 34027
WARNING: No label for address (34347):
  34328 JR NZ,34347
WARNING: No label for address (34341):
  34337 JR Z,34341
WARNING: No label for address (34027):
  34344 JP 34027
WARNING: No label for address (35796):
  34349 JP Z,35796
WARNING: No label for address (34389):
  34354 JR NZ,34389
WARNING: No label for address (34367):
  34363 JR NZ,34367
WARNING: No label for address (34377):
  34373 JR NC,34377
WARNING: No label for address (34383):
  34379 JR C,34383
WARNING: No label for address (34027):
  34386 JP 34027
WARNING: No label for address (34412):
  34391 JR NZ,34412
WARNING: No label for address (33626):
  34394 CALL 33626
WARNING: No label for address (27318):
  34399 LD HL,27318
WARNING: No label for address (43038):
  34402 CALL 43038
WARNING: No label for address (33655):
  34405 CALL 33655
WARNING: No label for address (34027):
  34409 JP 34027
WARNING: No label for address (34426):
  34414 JR NZ,34426
WARNING: No label for address (33626):
  34417 CALL 33626
WARNING: No label for address (44880):
  34420 LD A,(44880)
WARNING: No label for address (34399):
  34423 JP 34399
WARNING: No label for address (34497):
  34428 JR NZ,34497
WARNING: No label for address (36088):
  34437 CALL 36088
WARNING: No label for address (34460):
  34440 JP NZ,34460
WARNING: No label for address (33626):
  34452 CALL 33626
WARNING: No label for address (34399):
  34457 JP 34399
WARNING: No label for address (34009):
  34460 LD HL,34009
WARNING: No label for address (34027):
  34478 JP NZ,34027
WARNING: No label for address (33626):
  34489 CALL 33626
WARNING: No label for address (34399):
  34494 JP 34399
WARNING: No label for address (34504):
  34499 JR NZ,34504
WARNING: No label for address (34520):
  34502 JR 34520
WARNING: No label for address (34550):
  34506 JR NZ,34550
WARNING: No label for address (33626):
  34509 CALL 33626
WARNING: No label for address (36975):
  34514 CALL 36975
WARNING: No label for address (33655):
  34517 CALL 33655
WARNING: No label for address (34027):
  34547 JP 34027
WARNING: No label for address (44936):
  34550 LD (44936),A
WARNING: No label for address (34575):
  34560 JR Z,34575
WARNING: No label for address (22528):
  34562 LD HL,22528
WARNING: No label for address (33668):
  34575 CALL 33668
WARNING: No label for address (34027):
  34581 JP 34027
WARNING: No label for address (23296):
  34595 LD HL,23296
WARNING: No label for address (23296):
  34612 LD HL,23296
WARNING: No label for address (23296):
  34630 LD HL,23296
WARNING: No label for address (34740):
  34702 LD HL,34740
WARNING: No label for address (46159):
  34709 LD (46159),SP
WARNING: No label for address (38920):
  34713 CALL 38920
WARNING: No label for address (33157):
  34716 CALL 33157
WARNING: No label for address (44880):
  34719 LD HL,44880
WARNING: No label for address (46156):
  34724 JP Z,46156
WARNING: No label for address (46156):
  34737 JP 46156
WARNING: No label for address (35785):
  34744 JP NZ,35785
WARNING: No label for address (34584):
  34750 CALL 34584
WARNING: No label for address (34862):
  34753 JR Z,34862
WARNING: No label for address (34919):
  34760 JP Z,34919
WARNING: No label for address (34930):
  34765 JP Z,34930
WARNING: No label for address (34935):
  34770 JP Z,34935
WARNING: No label for address (34985):
  34780 JP Z,34985
WARNING: No label for address (35030):
  34790 JP Z,35030
WARNING: No label for address (35040):
  34795 JP Z,35040
WARNING: No label for address (35084):
  34805 JP Z,35084
WARNING: No label for address (35126):
  34810 JP Z,35126
WARNING: No label for address (35283):
  34825 JP Z,35283
WARNING: No label for address (35274):
  34830 JP Z,35274
WARNING: No label for address (35370):
  34835 JP Z,35370
WARNING: No label for address (35522):
  34850 JP Z,35522
WARNING: No label for address (34862):
  34855 JR C,34862
WARNING: No label for address (35514):
  34859 JP C,35514
WARNING: No label for address (34879):
  34871 JR Z,34879
WARNING: No label for address (34913):
  34874 JR NZ,34913
WARNING: No label for address (44936):
  34880 LD (44936),A
WARNING: No label for address (34913):
  34891 JR NZ,34913
WARNING: No label for address (34906):
  34902 JR Z,34906
WARNING: No label for address (33668):
  34913 CALL 33668
WARNING: No label for address (34740):
  34916 JP 34740
WARNING: No label for address (33750):
  34921 CALL 33750
WARNING: No label for address (33822):
  34924 CALL 33822
WARNING: No label for address (34740):
  34927 JP 34740
WARNING: No label for address (34921):
  34932 JP 34921
WARNING: No label for address (33941):
  34948 CALL 33941
WARNING: No label for address (34948):
  34983 JR 34948
WARNING: No label for address (18616):
  34985 LD BC,18616
WARNING: No label for address (33941):
  34993 CALL 33941
WARNING: No label for address (35018):
  35000 DJNZ 35018
WARNING: No label for address (34993):
  35028 JR 34993
WARNING: No label for address (44952):
  35033 LD A,(44952)
WARNING: No label for address (34993):
  35038 JR 34993
WARNING: No label for address (18616):
  35040 LD BC,18616
WARNING: No label for address (33941):
  35048 CALL 33941
WARNING: No label for address (35048):
  35082 JR 35048
WARNING: No label for address (35048):
  35092 JR 35048
WARNING: No label for address (35200):
  35099 JR 35200
WARNING: No label for address (34602):
  35129 CALL 34602
WARNING: No label for address (33889):
  35132 JP Z,33889
WARNING: No label for address (44896):
  35138 LD (44896),HL
WARNING: No label for address (36953):
  35146 CALL 36953
WARNING: No label for address (35168):
  35149 JR NZ,35168
WARNING: No label for address (33626):
  35151 CALL 33626
WARNING: No label for address (27318):
  35156 LD HL,27318
WARNING: No label for address (43038):
  35159 CALL 43038
WARNING: No label for address (33655):
  35162 CALL 33655
WARNING: No label for address (35094):
  35168 LD HL,35094
WARNING: No label for address (34027):
  35171 JP 34027
WARNING: No label for address (35280):
  35179 JR 35280
WARNING: No label for address (34602):
  35200 CALL 34602
WARNING: No label for address (33889):
  35203 JP Z,33889
WARNING: No label for address (44896):
  35209 LD (44896),HL
WARNING: No label for address (35869):
  35214 CALL 35869
WARNING: No label for address (33913):
  35217 JP Z,33913
WARNING: No label for address (35174):
  35220 LD HL,35174
WARNING: No label for address (34027):
  35223 JP 34027
WARNING: No label for address (35337):
  35242 JR 35337
WARNING: No label for address (34602):
  35253 CALL 34602
WARNING: No label for address (35840):
  35256 CALL Z,35840
WARNING: No label for address (33889):
  35259 JP Z,33889
WARNING: No label for address (44896):
  35265 LD (44896),HL
WARNING: No label for address (35226):
  35268 LD HL,35226
WARNING: No label for address (34027):
  35271 JP 34027
WARNING: No label for address (35174):
  35277 LD HL,35174
WARNING: No label for address (34027):
  35280 JP 34027
WARNING: No label for address (34602):
  35286 CALL 34602
WARNING: No label for address (33889):
  35289 JP Z,33889
WARNING: No label for address (44896):
  35295 LD (44896),HL
WARNING: No label for address (38694):
  35298 CALL 38694
WARNING: No label for address (35268):
  35301 JP NZ,35268
WARNING: No label for address (42639):
  35304 CALL 42639
WARNING: No label for address (33889):
  35307 JP Z,33889
WARNING: No label for address (35268):
  35317 JP Z,35268
WARNING: No label for address (35268):
  35322 JP Z,35268
WARNING: No label for address (35268):
  35327 JP Z,35268
WARNING: No label for address (33913):
  35330 JP 33913
WARNING: No label for address (24184):
  35367 LD BC,24184
WARNING: No label for address (35333):
  35370 LD HL,35333
WARNING: No label for address (34602):
  35376 CALL 34602
WARNING: No label for address (33889):
  35379 JP Z,33889
WARNING: No label for address (35869):
  35384 CALL 35869
WARNING: No label for address (33913):
  35387 JP Z,33913
WARNING: No label for address (33750):
  35397 CALL 33750
WARNING: No label for address (35419):
  35411 JR Z,35419
WARNING: No label for address (35333):
  35413 LD HL,35333
WARNING: No label for address (34027):
  35416 JP 34027
WARNING: No label for address (34027):
  35422 JP 34027
WARNING: No label for address (35373):
  35445 JP 35373
WARNING: No label for address (51847):
  35468 LD HL,(51847)
WARNING: No label for address (36088):
  35473 CALL 36088
WARNING: No label for address (33913):
  35476 JP Z,33913
WARNING: No label for address (31353):
  35485 CALL 31353
WARNING: No label for address (35505):
  35488 JR Z,35505
WARNING: No label for address (31353):
  35492 CALL 31353
WARNING: No label for address (35505):
  35495 JR Z,35505
WARNING: No label for address (31353):
  35499 CALL 31353
WARNING: No label for address (35505):
  35502 JR Z,35505
WARNING: No label for address (35448):
  35508 LD HL,35448
WARNING: No label for address (34027):
  35511 JP 34027
WARNING: No label for address (34862):
  35519 JP 34862
WARNING: No label for address (37126):
  35522 CALL 37126
WARNING: No label for address (34862):
  35525 JP 34862
WARNING: No label for address (35528):
  35539 LD HL,35528
WARNING: No label for address (34027):
  35542 JP 34027
WARNING: No label for address (35545):
  35556 LD HL,35545
WARNING: No label for address (34027):
  35559 JP 34027
WARNING: No label for address (35598):
  35571 JR 35598
WARNING: No label for address (35703):
  35577 JR 35703
WARNING: No label for address (35562):
  35580 LD HL,35562
WARNING: No label for address (34027):
  35583 JP 34027
WARNING: No label for address (35724):
  35598 JR 35724
WARNING: No label for address (35586):
  35601 LD HL,35586
WARNING: No label for address (34027):
  35604 JP 34027
WARNING: No label for address (35607):
  35617 LD HL,35607
WARNING: No label for address (34027):
  35620 JP 34027
WARNING: No label for address (35659):
  35632 JR 35659
WARNING: No label for address (35657):
  35634 JR 35657
WARNING: No label for address (35667):
  35640 JR 35667
WARNING: No label for address (35665):
  35642 JR 35665
WARNING: No label for address (35690):
  35663 JR 35690
WARNING: No label for address (35623):
  35687 LD HL,35623
WARNING: No label for address (34027):
  35690 JP 34027
WARNING: No label for address (44880):
  35732 LD HL,44880
WARNING: No label for address (35755):
  35736 JR C,35755
WARNING: No label for address (35693):
  35749 LD HL,35693
WARNING: No label for address (34027):
  35752 JP 34027
WARNING: No label for address (34027):
  35760 JP 34027
WARNING: No label for address (35796):
  35769 JR 35796
WARNING: No label for address (35763):
  35790 LD HL,35763
WARNING: No label for address (34027):
  35793 JP 34027
WARNING: No label for address (44936):
  35796 LD HL,(44936)
WARNING: No label for address (42608):
  35799 CALL 42608
WARNING: No label for address (46149):
  35808 LD (46149),A
WARNING: No label for address (33668):
  35811 CALL 33668
WARNING: No label for address (46149):
  35821 LD HL,46149
WARNING: No label for address (35811):
  35826 JR NZ,35811
WARNING: No label for address (46159):
  35833 LD SP,(46159)
WARNING: No label for address (41519):
  35837 JP 41519
WARNING: No label for address (31326):
  35844 CALL 31326
WARNING: No label for address (35867):
  35847 JR NC,35867
WARNING: No label for address (35844):
  35851 JR NZ,35844
WARNING: No label for address (35844):
  35864 JR Z,35844
WARNING: No label for address (31326):
  35880 CALL 31326
WARNING: No label for address (35942):
  35883 JR NC,35942
WARNING: No label for address (35880):
  35887 JR Z,35880
WARNING: No label for address (35880):
  35891 JR Z,35880
WARNING: No label for address (35909):
  35899 JR NZ,35909
WARNING: No label for address (35923):
  35907 JR Z,35923
WARNING: No label for address (35880):
  35914 JR NZ,35880
WARNING: No label for address (35880):
  35921 JR NZ,35880
WARNING: No label for address (35933):
  35929 JR NC,35933
WARNING: No label for address (35880):
  35934 JR NC,35880
WARNING: No label for address (35880):
  35940 JR 35880
WARNING: No label for address (23672):
  35988 LD HL,(23672)
WARNING: No label for address (36009):
  36002 JR Z,36009
WARNING: No label for address (33105):
  36006 CALL 33105
WARNING: No label for address (36035):
  36027 JR Z,36035
WARNING: No label for address (36053):
  36033 JR NZ,36053
WARNING: No label for address (36019):
  36040 DJNZ 36019
WARNING: No label for address (35957):
  36047 LD HL,35957
WARNING: No label for address (34027):
  36050 JP 34027
WARNING: No label for address (33105):
  36059 CALL 33105
WARNING: No label for address (36035):
  36068 JR 36035
WARNING: No label for address (44880):
  36074 LD DE,44880
WARNING: No label for address (36120):
  36099 JR Z,36120
WARNING: No label for address (36120):
  36107 JR NZ,36120
WARNING: No label for address (36120):
  36114 JR NZ,36120
WARNING: No label for address (36093):
  36124 DJNZ 36093
WARNING: No label for address (33626):
  36172 CALL 33626
WARNING: No label for address (31423):
  36179 CALL 31423
WARNING: No label for address (36128):
  36191 LD HL,36128
WARNING: No label for address (36204):
  36199 JR Z,36204
WARNING: No label for address (42812):
  36204 CALL 42812
WARNING: No label for address (43038):
  36213 CALL 43038
WARNING: No label for address (36230):
  36223 JR Z,36230
WARNING: No label for address (36416):
  36227 JP NZ,36416
WARNING: No label for address (31387):
  36238 CALL 31387
WARNING: No label for address (36252):
  36241 JR NZ,36252
WARNING: No label for address (42812):
  36246 CALL 42812
WARNING: No label for address (36416):
  36249 JP 36416
WARNING: No label for address (42812):
  36255 CALL 42812
WARNING: No label for address (36295):
  36272 JR 36295
WARNING: No label for address (36291):
  36283 JR NZ,36291
WARNING: No label for address (36305):
  36289 JR Z,36305
WARNING: No label for address (36278):
  36293 DJNZ 36278
WARNING: No label for address (31387):
  36312 CALL 31387
WARNING: No label for address (36274):
  36316 JR NZ,36274
WARNING: No label for address (36340):
  36333 JR NZ,36340
WARNING: No label for address (42965):
  36335 CALL 42965
WARNING: No label for address (36380):
  36338 JR 36380
WARNING: No label for address (44286):
  36343 CALL 44286
WARNING: No label for address (44286):
  36348 CALL 44286
WARNING: No label for address (42783):
  36354 CALL 42783
WARNING: No label for address (36360):
  36365 JR NC,36360
WARNING: No label for address (44773):
  36376 CALL 44773
WARNING: No label for address (36412):
  36385 JR C,36412
WARNING: No label for address (36401):
  36387 JR Z,36401
WARNING: No label for address (44286):
  36391 CALL 44286
WARNING: No label for address (44286):
  36396 CALL 44286
WARNING: No label for address (36412):
  36399 JR 36412
WARNING: No label for address (42734):
  36402 CALL 42734
WARNING: No label for address (36321):
  36414 JR NZ,36321
WARNING: No label for address (33655):
  36416 JP 33655
WARNING: No label for address (33626):
  36451 CALL 33626
WARNING: No label for address (36479):
  36465 JR Z,36479
WARNING: No label for address (31423):
  36467 CALL 31423
WARNING: No label for address (36419):
  36470 LD HL,36419
WARNING: No label for address (42812):
  36473 CALL 42812
WARNING: No label for address (36670):
  36476 JP 36670
WARNING: No label for address (36497):
  36484 JR Z,36497
WARNING: No label for address (36088):
  36492 CALL 36088
WARNING: No label for address (36467):
  36495 JR Z,36467
WARNING: No label for address (31423):
  36497 CALL 31423
WARNING: No label for address (48051):
  36500 LD HL,48051
WARNING: No label for address (36535):
  36508 JR NZ,36535
WARNING: No label for address (36535):
  36521 JR Z,36535
WARNING: No label for address (36518):
  36524 DJNZ 36518
WARNING: No label for address (42812):
  36529 CALL 42812
WARNING: No label for address (36670):
  36532 JP 36670
WARNING: No label for address (36585):
  36565 JR Z,36585
WARNING: No label for address (36446):
  36570 LD HL,36446
WARNING: No label for address (36438):
  36585 LD HL,36438
WARNING: No label for address (42812):
  36588 CALL 42812
WARNING: No label for address (33105):
  36593 CALL 33105
WARNING: No label for address (36678):
  36596 CALL 36678
WARNING: No label for address (44074):
  36601 CALL 44074
WARNING: No label for address (36636):
  36619 JR Z,36636
WARNING: No label for address (23672):
  36625 LD HL,(23672)
WARNING: No label for address (36642):
  36634 JR 36642
WARNING: No label for address (33105):
  36638 CALL 33105
WARNING: No label for address (36667):
  36646 JR Z,36667
WARNING: No label for address (43000):
  36651 CALL 43000
WARNING: No label for address (44286):
  36656 CALL 44286
WARNING: No label for address (44286):
  36661 CALL 44286
WARNING: No label for address (42812):
  36664 CALL 42812
WARNING: No label for address (33518):
  36667 CALL 33518
WARNING: No label for address (33655):
  36670 CALL 33655
WARNING: No label for address (36708):
  36698 JR Z,36708
WARNING: No label for address (36691):
  36705 JR NZ,36691
WARNING: No label for address (36730):
  36709 JP 36730
WARNING: No label for address (44968):
  36712 LD HL,44968
WARNING: No label for address (44984):
  36715 LD A,(44984)
WARNING: No label for address (36730):
  36723 JR Z,36730
WARNING: No label for address (36722):
  36727 DJNZ 36722
WARNING: No label for address (39502):
  36742 JP 39502
WARNING: No label for address (33626):
  36777 CALL 33626
WARNING: No label for address (31435):
  36820 CALL 31435
WARNING: No label for address (31423):
  36823 CALL 31423
WARNING: No label for address (33105):
  36828 CALL 33105
WARNING: No label for address (36860):
  36844 JR NZ,36860
WARNING: No label for address (33105):
  36857 CALL 33105
WARNING: No label for address (36745):
  36860 LD HL,36745
WARNING: No label for address (42812):
  36863 CALL 42812
WARNING: No label for address (31387):
  36874 CALL 31387
WARNING: No label for address (36945):
  36877 JR Z,36945
WARNING: No label for address (31423):
  36879 CALL 31423
WARNING: No label for address (36923):
  36889 JR Z,36923
WARNING: No label for address (36874):
  36893 JR NZ,36874
WARNING: No label for address (36753):
  36895 LD HL,36753
WARNING: No label for address (42812):
  36898 CALL 42812
WARNING: No label for address (33518):
  36917 CALL 33518
WARNING: No label for address (36945):
  36920 JP 36945
WARNING: No label for address (36760):
  36923 LD HL,36760
WARNING: No label for address (42812):
  36926 CALL 42812
WARNING: No label for address (41391):
  36933 LD HL,41391
WARNING: No label for address (36945):
  36942 JP 36945
WARNING: No label for address (33655):
  36945 CALL 33655
WARNING: No label for address (36970):
  36962 JR NZ,36970
WARNING: No label for address (36970):
  36966 JR NZ,36970
WARNING: No label for address (36957):
  36971 DJNZ 36957
WARNING: No label for address (27318):
  36975 LD HL,27318
WARNING: No label for address (43038):
  36980 JP C,43038
WARNING: No label for address (44286):
  36986 CALL 44286
WARNING: No label for address (44286):
  36991 CALL 44286
WARNING: No label for address (43038):
  36995 JP 43038
WARNING: No label for address (37046):
  37020 JR 37046
WARNING: No label for address (37031):
  37026 JR Z,37031
WARNING: No label for address (37046):
  37029 JR NZ,37046
WARNING: No label for address (37081):
  37035 JR Z,37081
WARNING: No label for address (37046):
  37038 JR NZ,37046
WARNING: No label for address (37081):
  37044 JR Z,37081
WARNING: No label for address (37022):
  37048 DJNZ 37022
WARNING: No label for address (37075):
  37065 JR NZ,37075
WARNING: No label for address (37075):
  37071 JR NZ,37075
WARNING: No label for address (36975):
  37076 CALL 36975
WARNING: No label for address (37106):
  37085 JR Z,37106
WARNING: No label for address (37103):
  37098 JR NZ,37103
WARNING: No label for address (36975):
  37103 CALL 36975
WARNING: No label for address (33518):
  37120 CALL 33518
WARNING: No label for address (33626):
  37126 CALL 33626
WARNING: No label for address (34602):
  37129 CALL 34602
WARNING: No label for address (37171):
  37132 JR Z,37171
WARNING: No label for address (26142):
  37134 LD IX,26142
WARNING: No label for address (44888):
  37144 LD (44888),DE
WARNING: No label for address (37171):
  37152 JR Z,37171
WARNING: No label for address (37167):
  37159 JR NZ,37167
WARNING: No label for address (37182):
  37165 JR Z,37182
WARNING: No label for address (37148):
  37169 JR 37148
WARNING: No label for address (34602):
  37171 CALL 34602
WARNING: No label for address (36975):
  37176 CALL 36975
WARNING: No label for address (33655):
  37179 JP 33655
WARNING: No label for address (37206):
  37191 JP C,37206
WARNING: No label for address (35869):
  37196 CALL 35869
WARNING: No label for address (37171):
  37199 JP Z,37171
WARNING: No label for address (34602):
  37206 CALL 34602
WARNING: No label for address (37226):
  37218 JR NC,37226
WARNING: No label for address (36998):
  37220 CALL 36998
WARNING: No label for address (33655):
  37223 JP 33655
WARNING: No label for address (37429):
  37238 JP NC,37429
WARNING: No label for address (37328):
  37243 JR NZ,37328
WARNING: No label for address (37278):
  37250 JR NZ,37278
WARNING: No label for address (37278):
  37257 JR NZ,37278
WARNING: No label for address (36998):
  37278 CALL 36998
WARNING: No label for address (33655):
  37281 JP NZ,33655
WARNING: No label for address (35869):
  37286 CALL 35869
WARNING: No label for address (37316):
  37289 JR Z,37316
WARNING: No label for address (37577):
  37310 JP Z,37577
WARNING: No label for address (37325):
  37314 JR 37325
WARNING: No label for address (42639):
  37316 CALL 42639
WARNING: No label for address (37325):
  37321 JR Z,37325
WARNING: No label for address (36975):
  37325 CALL 36975
WARNING: No label for address (33655):
  37328 JP 33655
WARNING: No label for address (34509):
  37336 LD DE,34509
WARNING: No label for address (33655):
  37340 JP Z,33655
WARNING: No label for address (37331):
  37343 LD HL,37331
WARNING: No label for address (35869):
  37360 CALL 35869
WARNING: No label for address (37403):
  37365 JR Z,37403
WARNING: No label for address (41391):
  37367 LD DE,41391
WARNING: No label for address (37403):
  37374 JR NZ,37403
WARNING: No label for address (37403):
  37380 JR NZ,37403
WARNING: No label for address (37349):
  37382 DJNZ 37349
WARNING: No label for address (32811):
  37393 CALL 32811
WARNING: No label for address (37328):
  37400 JP 37328
WARNING: No label for address (37325):
  37405 JP 37325
WARNING: No label for address (34509):
  37409 LD HL,34509
WARNING: No label for address (33655):
  37413 JP Z,33655
WARNING: No label for address (37408):
  37416 LD HL,37408
WARNING: No label for address (37349):
  37422 JP 37349
WARNING: No label for address (37448):
  37437 JR NZ,37448
WARNING: No label for address (36070):
  37441 CALL 36070
WARNING: No label for address (37441):
  37468 JR C,37441
WARNING: No label for address (37604):
  37473 JP Z,37604
WARNING: No label for address (37278):
  37478 JP Z,37278
WARNING: No label for address (36998):
  37490 CALL 36998
WARNING: No label for address (37441):
  37495 JP Z,37441
WARNING: No label for address (33518):
  37504 CALL 33518
WARNING: No label for address (37328):
  37507 JP 37328
WARNING: No label for address (34337):
  37513 LD BC,34337
WARNING: No label for address (36953):
  37519 CALL 36953
WARNING: No label for address (37325):
  37524 JP NZ,37325
WARNING: No label for address (26528):
  37527 LD HL,(26528)
WARNING: No label for address (36953):
  37534 CALL 36953
WARNING: No label for address (37550):
  37537 JR NZ,37550
WARNING: No label for address (37325):
  37545 JP Z,37325
WARNING: No label for address (37532):
  37548 JR 37532
WARNING: No label for address (36070):
  37567 CALL 36070
WARNING: No label for address (36975):
  37580 CALL 36975
WARNING: No label for address (37598):
  37590 JP NZ,37598
WARNING: No label for address (27318):
  37595 LD HL,27318
WARNING: No label for address (43038):
  37598 CALL 43038
WARNING: No label for address (37328):
  37601 JP 37328
WARNING: No label for address (36998):
  37604 CALL 36998
WARNING: No label for address (33655):
  37607 JP NZ,33655
WARNING: No label for address (36088):
  37610 CALL 36088
WARNING: No label for address (37325):
  37615 JP NZ,37325
WARNING: No label for address (42639):
  37618 CALL 42639
WARNING: No label for address (37325):
  37623 JP Z,37325
WARNING: No label for address (46141):
  37636 LD BC,(46141)
WARNING: No label for address (37650):
  37643 JR Z,37650
WARNING: No label for address (37661):
  37648 JR Z,37661
WARNING: No label for address (37640):
  37654 JR NZ,37640
WARNING: No label for address (37325):
  37658 JP 37325
WARNING: No label for address (31148):
  37665 CALL 31148
WARNING: No label for address (36975):
  37671 CALL 36975
WARNING: No label for address (44286):
  37676 CALL 44286
WARNING: No label for address (26527):
  37688 LD HL,26527
WARNING: No label for address (43038):
  37691 CALL 43038
WARNING: No label for address (37328):
  37694 JP 37328
WARNING: No label for address (37803):
  37702 JP Z,37803
WARNING: No label for address (37726):
  37707 JP Z,37726
WARNING: No label for address (37758):
  37712 JP Z,37758
WARNING: No label for address (37921):
  37717 JP Z,37921
WARNING: No label for address (37961):
  37722 JP Z,37961
WARNING: No label for address (42472):
  37728 CALL 42472
WARNING: No label for address (38005):
  37744 LD HL,38005
WARNING: No label for address (38054):
  37754 LD (38054),A
WARNING: No label for address (37821):
  37762 JP NZ,37821
WARNING: No label for address (37821):
  37769 JR NZ,37821
WARNING: No label for address (33105):
  37773 CALL 33105
WARNING: No label for address (37726):
  37776 JP 37726
WARNING: No label for address (33105):
  37805 CALL 33105
WARNING: No label for address (37821):
  37812 JR NZ,37821
WARNING: No label for address (37829):
  37819 JR Z,37829
WARNING: No label for address (36070):
  37823 CALL 36070
WARNING: No label for address (42472):
  37832 CALL 42472
WARNING: No label for address (44896):
  37838 LD HL,(44896)
WARNING: No label for address (37779):
  37850 LD HL,37779
WARNING: No label for address (36953):
  37855 CALL 36953
WARNING: No label for address (35869):
  37874 CALL 35869
WARNING: No label for address (37897):
  37882 JR NZ,37897
WARNING: No label for address (37897):
  37893 JR C,37897
WARNING: No label for address (38523):
  37911 LD HL,38523
WARNING: No label for address (33105):
  37923 CALL 33105
WARNING: No label for address (44896):
  37926 LD HL,(44896)
WARNING: No label for address (35869):
  37934 CALL 35869
WARNING: No label for address (44904):
  37957 LD (44904),A
WARNING: No label for address (37982):
  37966 JR NC,37982
WARNING: No label for address (33626):
  37968 CALL 33626
WARNING: No label for address (27318):
  37973 LD HL,27318
WARNING: No label for address (43038):
  37976 CALL 43038
WARNING: No label for address (33655):
  37979 JP 33655
WARNING: No label for address (33105):
  37984 CALL 33105
WARNING: No label for address (39502):
  37989 JP 39502
WARNING: No label for address (38065):
  38059 JR Z,38065
WARNING: No label for address (38189):
  38075 JR NZ,38189
WARNING: No label for address (38193):
  38082 JR Z,38193
WARNING: No label for address (44896):
  38094 LD HL,(44896)
WARNING: No label for address (42639):
  38102 CALL 42639
WARNING: No label for address (38150):
  38105 JR Z,38150
WARNING: No label for address (42472):
  38125 CALL 42472
WARNING: No label for address (38694):
  38160 CALL 38694
WARNING: No label for address (42472):
  38169 CALL 42472
WARNING: No label for address (38198):
  38191 JR NZ,38198
WARNING: No label for address (38324):
  38200 JR NZ,38324
WARNING: No label for address (38478):
  38217 JP Z,38478
WARNING: No label for address (44896):
  38223 LD HL,(44896)
WARNING: No label for address (35869):
  38231 CALL 35869
WARNING: No label for address (38254):
  38234 JR NZ,38254
WARNING: No label for address (33105):
  38238 CALL 33105
WARNING: No label for address (36070):
  38243 CALL 36070
WARNING: No label for address (38071):
  38251 JP 38071
WARNING: No label for address (38268):
  38263 JR NZ,38268
WARNING: No label for address (38373):
  38275 JP Z,38373
WARNING: No label for address (38304):
  38280 JR Z,38304
WARNING: No label for address (38294):
  38288 JR Z,38294
WARNING: No label for address (38310):
  38292 JR NZ,38310
WARNING: No label for address (31387):
  38294 CALL 31387
WARNING: No label for address (38304):
  38297 JR Z,38304
WARNING: No label for address (37992):
  38299 CALL 37992
WARNING: No label for address (38294):
  38302 JR 38294
WARNING: No label for address (37992):
  38307 CALL 37992
WARNING: No label for address (38071):
  38321 JP 38071
WARNING: No label for address (38336):
  38326 JR NZ,38336
WARNING: No label for address (38071):
  38333 JP 38071
WARNING: No label for address (38361):
  38354 JR C,38361
WARNING: No label for address (38369):
  38363 JR C,38369
WARNING: No label for address (41778):
  38370 JP 41778
WARNING: No label for address (38310):
  38378 JR NZ,38310
WARNING: No label for address (33626):
  38381 CALL 33626
WARNING: No label for address (38495):
  38384 CALL 38495
WARNING: No label for address (38403):
  38390 JP NC,38403
WARNING: No label for address (38411):
  38408 JR NC,38411
WARNING: No label for address (38428):
  38415 JR NZ,38428
WARNING: No label for address (38054):
  38419 LD HL,38054
WARNING: No label for address (27318):
  38433 LD HL,27318
WARNING: No label for address (43038):
  38436 CALL 43038
WARNING: No label for address (33655):
  38439 CALL 33655
WARNING: No label for address (44074):
  38444 CALL 44074
WARNING: No label for address (33064):
  38453 CALL 33064
WARNING: No label for address (38466):
  38462 JR C,38466
WARNING: No label for address (38310):
  38475 JP 38310
WARNING: No label for address (38489):
  38485 JR NC,38489
WARNING: No label for address (38071):
  38492 JP 38071
WARNING: No label for address (23672):
  38509 LD A,(23672)
WARNING: No label for address (38564):
  38549 JR Z,38564
WARNING: No label for address (38345):
  38561 JP 38345
WARNING: No label for address (38574):
  38564 LD HL,38574
WARNING: No label for address (38610):
  38578 JR Z,38610
WARNING: No label for address (41778):
  38607 JP 41778
WARNING: No label for address (33626):
  38614 CALL 33626
WARNING: No label for address (36975):
  38619 CALL 36975
WARNING: No label for address (33655):
  38622 CALL 33655
WARNING: No label for address (38631):
  38625 LD HL,38631
WARNING: No label for address (38567):
  38628 JP 38567
WARNING: No label for address (38659):
  38634 JR NZ,38659
WARNING: No label for address (33626):
  38639 CALL 33626
WARNING: No label for address (36975):
  38643 CALL 36975
WARNING: No label for address (33655):
  38646 CALL 33655
WARNING: No label for address (36070):
  38651 CALL 36070
WARNING: No label for address (44880):
  38659 LD A,(44880)
WARNING: No label for address (38679):
  38663 JR NZ,38679
WARNING: No label for address (38675):
  38671 JR NC,38675
WARNING: No label for address (38649):
  38677 JR C,38649
WARNING: No label for address (41778):
  38691 JP 41778
WARNING: No label for address (38914):
  38696 LD BC,(38914)
WARNING: No label for address (38738):
  38705 LD IX,38738
WARNING: No label for address (38729):
  38716 JR NZ,38729
WARNING: No label for address (38729):
  38722 JR NZ,38729
WARNING: No label for address (38712):
  38733 JR NZ,38712
WARNING: No label for address (38936):
  38915 LD HL,38936
WARNING: No label for address (38932):
  38918 JR 38932
WARNING: No label for address (46183):
  38920 LD (46183),SP
WARNING: No label for address (46180):
  38924 JP 46180
WARNING: No label for address (46183):
  38928 LD SP,(46183)
WARNING: No label for address (23672):
  38941 LD HL,(23672)
WARNING: No label for address (23672):
  38958 LD HL,(23672)
WARNING: No label for address (38991):
  38986 JR NZ,38991
WARNING: No label for address (38982):
  38991 DJNZ 38982
WARNING: No label for address (39102):
  39003 JR NZ,39102
WARNING: No label for address (39015):
  39016 JR NC,39015
WARNING: No label for address (39217):
  39030 JP Z,39217
WARNING: No label for address (39024):
  39042 JR NZ,39024
WARNING: No label for address (39024):
  39047 JR Z,39024
WARNING: No label for address (39024):
  39049 DJNZ 39024
WARNING: No label for address (42472):
  39064 CALL 42472
WARNING: No label for address (39217):
  39070 JP Z,39217
WARNING: No label for address (40670):
  39090 LD HL,40670
WARNING: No label for address (39217):
  39099 JP 39217
WARNING: No label for address (39110):
  39123 JR Z,39110
WARNING: No label for address (38927):
  39139 CALL 38927
WARNING: No label for address (39139):
  39146 JR NZ,39139
WARNING: No label for address (39217):
  39155 JP NZ,39217
WARNING: No label for address (42472):
  39169 CALL 42472
WARNING: No label for address (39182):
  39174 JR NZ,39182
WARNING: No label for address (38927):
  39176 CALL 38927
WARNING: No label for address (38936):
  39179 JP 38936
WARNING: No label for address (39194):
  39189 JR NZ,39194
WARNING: No label for address (46172):
  39206 LD DE,46172
WARNING: No label for address (38927):
  39217 CALL 38927
WARNING: No label for address (38936):
  39220 JP 38936
WARNING: No label for address (39253):
  39246 JP NZ,39253
WARNING: No label for address (39604):
  39426 LD HL,39604
WARNING: No label for address (39460):
  39440 JR Z,39460
WARNING: No label for address (31435):
  39475 CALL 31435
WARNING: No label for address (33626):
  39480 CALL 33626
WARNING: No label for address (27318):
  39484 LD HL,27318
WARNING: No label for address (43038):
  39487 CALL 43038
WARNING: No label for address (33655):
  39490 CALL 33655
WARNING: No label for address (39502):
  39498 JP 39502
WARNING: No label for address (39501):
  39502 LD (39501),A
WARNING: No label for address (33035):
  39505 CALL 33035
WARNING: No label for address (42949):
  39508 CALL 42949
WARNING: No label for address (43069):
  39526 CALL 43069
WARNING: No label for address (44286):
  39531 CALL 44286
WARNING: No label for address (39501):
  39534 LD HL,39501
WARNING: No label for address (39560):
  39540 JR Z,39560
WARNING: No label for address (39572):
  39558 JR 39572
WARNING: No label for address (39572):
  39568 JR NC,39572
WARNING: No label for address (44286):
  39572 CALL 44286
WARNING: No label for address (44286):
  39577 CALL 44286
WARNING: No label for address (39501):
  39580 LD HL,39501
WARNING: No label for address (43069):
  39583 CALL 43069
WARNING: No label for address (44768):
  39586 CALL 44768
WARNING: No label for address (39652):
  39589 JR NZ,39652
WARNING: No label for address (43069):
  39595 CALL 43069
WARNING: No label for address (42608):
  39611 CALL 42608
WARNING: No label for address (39637):
  39626 JR Z,39637
WARNING: No label for address (42608):
  39629 CALL 42608
WARNING: No label for address (39649):
  39640 LD HL,39649
WARNING: No label for address (39669):
  39653 JR NZ,39669
WARNING: No label for address (39669):
  39663 JR NZ,39669
WARNING: No label for address (41778):
  39692 CALL 41778
WARNING: No label for address (41778):
  39726 JP 41778
WARNING: No label for address (44880):
  39729 LD A,(44880)
WARNING: No label for address (44936):
  39739 LD A,(44936)
WARNING: No label for address (39747):
  39743 JR Z,39747
WARNING: No label for address (39776):
  39754 JP Z,39776
WARNING: No label for address (39805):
  39768 JP NZ,39805
WARNING: No label for address (39421):
  39773 JP 39421
WARNING: No label for address (39805):
  39781 JR NZ,39805
WARNING: No label for address (39805):
  39792 JR NZ,39805
WARNING: No label for address (33035):
  39801 CALL 33035
WARNING: No label for address (39924):
  39821 JR NZ,39924
WARNING: No label for address (39878):
  39826 JR Z,39878
WARNING: No label for address (39924):
  39833 JR NZ,39924
WARNING: No label for address (39861):
  39840 JR Z,39861
WARNING: No label for address (39861):
  39848 JR C,39861
WARNING: No label for address (39861):
  39852 JR NC,39861
WARNING: No label for address (39924):
  39858 JP 39924
WARNING: No label for address (33626):
  39861 CALL 33626
WARNING: No label for address (27318):
  39866 LD HL,27318
WARNING: No label for address (43038):
  39869 CALL 43038
WARNING: No label for address (33655):
  39872 CALL 33655
WARNING: No label for address (39890):
  39885 JR Z,39890
WARNING: No label for address (39908):
  39893 JR NZ,39908
WARNING: No label for address (39887):
  39904 JR NC,39887
WARNING: No label for address (39924):
  39906 JR 39924
WARNING: No label for address (39974):
  39970 JP NZ,39974
WARNING: No label for address (39974):
  39981 JR Z,39974
WARNING: No label for address (39974):
  39985 JR Z,39974
WARNING: No label for address (40009):
  39989 JR Z,40009
WARNING: No label for address (40009):
  39993 JR Z,40009
WARNING: No label for address (40009):
  39997 JR Z,40009
WARNING: No label for address (40018):
  40001 JR NZ,40018
WARNING: No label for address (39974):
  40011 JR Z,39974
WARNING: No label for address (40009):
  40013 JR 40009
WARNING: No label for address (39974):
  40016 JR 39974
WARNING: No label for address (40032):
  40020 JR NZ,40032
WARNING: No label for address (39974):
  40030 JR 39974
WARNING: No label for address (40152):
  40146 JR NC,40152
WARNING: No label for address (40218):
  40160 CALL 40218
WARNING: No label for address (40185):
  40168 JR NZ,40185
WARNING: No label for address (38495):
  40174 CALL 38495
WARNING: No label for address (40192):
  40181 JR C,40192
WARNING: No label for address (40192):
  40183 JR Z,40192
WARNING: No label for address (33105):
  40199 CALL 33105
WARNING: No label for address (40211):
  40207 JR NZ,40211
WARNING: No label for address (36070):
  40212 CALL 36070
WARNING: No label for address (42628):
  40220 CALL 42628
WARNING: No label for address (40247):
  40237 JR Z,40247
WARNING: No label for address (40230):
  40244 JR NZ,40230
WARNING: No label for address (44888):
  40251 LD (44888),A
WARNING: No label for address (44880):
  40259 LD A,(44880)
WARNING: No label for address (36070):
  40262 CALL 36070
WARNING: No label for address (39421):
  40273 JP 39421
WARNING: No label for address (40280):
  40278 JR NC,40280
WARNING: No label for address (40521):
  40436 JR 40521
WARNING: No label for address (40627):
  40525 JR 40627
WARNING: No label for address (40669):
  40564 JR 40669
WARNING: No label for address (40688):
  40582 JR C,40688
WARNING: No label for address (40716):
  40610 JR C,40716
WARNING: No label for address (40736):
  40625 JR 40736
WARNING: No label for address (40737):
  40628 JR Z,40737
WARNING: No label for address (40755):
  40639 JR Z,40755
WARNING: No label for address (40540):
  40654 JR Z,40540
WARNING: No label for address (40554):
  40667 JR Z,40554
WARNING: No label for address (40679):
  40675 JR NZ,40679
WARNING: No label for address (40694):
  40680 JR NZ,40694
WARNING: No label for address (39750):
  40682 LD HL,39750
WARNING: No label for address (39750):
  40691 JP 39750
WARNING: No label for address (40714):
  40699 JR Z,40714
WARNING: No label for address (41778):
  40711 JP 41778
WARNING: No label for address (41778):
  40724 CALL 41778
WARNING: No label for address (41778):
  40737 JP 41778
WARNING: No label for address (41778):
  40752 CALL 41778
WARNING: No label for address (40765):
  40761 JR NC,40765
WARNING: No label for address (40740):
  40765 LD (40740),A
WARNING: No label for address (40872):
  40772 JP NZ,40872
WARNING: No label for address (28235):
  40775 LD HL,28235
WARNING: No label for address (40796):
  40789 JR Z,40796
WARNING: No label for address (40788):
  40792 DJNZ 40788
WARNING: No label for address (40847):
  40794 JR 40847
WARNING: No label for address (35869):
  40809 CALL 35869
WARNING: No label for address (40823):
  40818 JR Z,40823
WARNING: No label for address (40872):
  40821 JR NZ,40872
WARNING: No label for address (35869):
  40834 CALL 35869
WARNING: No label for address (40847):
  40842 JR Z,40847
WARNING: No label for address (40872):
  40845 JR NZ,40872
WARNING: No label for address (40740):
  40847 LD A,(40740)
WARNING: No label for address (40874):
  40854 JR NC,40874
WARNING: No label for address (36088):
  40865 CALL 36088
WARNING: No label for address (40874):
  40870 JR Z,40874
WARNING: No label for address (40881):
  40877 JP P,40881
WARNING: No label for address (40893):
  40888 JR C,40893
WARNING: No label for address (40740):
  40896 LD A,(40740)
WARNING: No label for address (40921):
  40901 JR NC,40921
WARNING: No label for address (39729):
  40903 CALL 39729
WARNING: No label for address (40921):
  40906 JR NZ,40921
WARNING: No label for address (36070):
  40910 CALL 36070
WARNING: No label for address (33105):
  40918 CALL 33105
WARNING: No label for address (40944):
  40931 JR NZ,40944
WARNING: No label for address (40927):
  40942 JR 40927
WARNING: No label for address (40955):
  40946 JR NZ,40955
WARNING: No label for address (40927):
  40953 JR 40927
WARNING: No label for address (41778):
  40979 CALL 41778
WARNING: No label for address (41104):
  41063 LD HL,41104
WARNING: No label for address (41036):
  41076 LD HL,41036
WARNING: No label for address (41097):
  41093 JR C,41097
WARNING: No label for address (41128):
  41114 JP Z,41128
WARNING: No label for address (41148):
  41120 JP NZ,41148
WARNING: No label for address (39421):
  41125 JP 39421
WARNING: No label for address (41138):
  41133 JR C,41138
WARNING: No label for address (41138):
  41142 JR Z,41138
WARNING: No label for address (41197):
  41146 JR NZ,41197
WARNING: No label for address (41177):
  41161 JR NZ,41177
WARNING: No label for address (41192):
  41171 JR C,41192
WARNING: No label for address (41192):
  41175 JR 41192
WARNING: No label for address (41138):
  41180 JR NC,41138
WARNING: No label for address (41192):
  41188 JR NZ,41192
WARNING: No label for address (41138):
  41195 JR 41138
WARNING: No label for address (41206):
  41200 JR Z,41206
WARNING: No label for address (41232):
  41204 JR NZ,41232
WARNING: No label for address (41217):
  41213 JR Z,41217
WARNING: No label for address (41148):
  41223 JR C,41148
WARNING: No label for address (41148):
  41227 JR NC,41148
WARNING: No label for address (41248):
  41244 JR NZ,41248
WARNING: No label for address (41272):
  41269 JR Z,41272
WARNING: No label for address (41393):
  41281 CALL 41393
WARNING: No label for address (41313):
  41293 JR NZ,41313
WARNING: No label for address (41313):
  41301 JR NZ,41313
WARNING: No label for address (33035):
  41310 JP 33035
WARNING: No label for address (39729):
  41313 CALL 39729
WARNING: No label for address (41331):
  41325 JR NC,41331
WARNING: No label for address (40174):
  41361 JP 40174
WARNING: No label for address (41393):
  41377 CALL 41393
WARNING: No label for address (41364):
  41384 JR NZ,41364
WARNING: No label for address (44904):
  41394 LD A,(44904)
WARNING: No label for address (41406):
  41398 JR Z,41406
WARNING: No label for address (41410):
  41404 JR NZ,41410
WARNING: No label for address (41778):
  41407 JP 41778
WARNING: No label for address (41446):
  41414 JR NZ,41446
WARNING: No label for address (41778):
  41431 CALL 41778
WARNING: No label for address (44912):
  41447 LD (44912),BC
WARNING: No label for address (41431):
  41461 JR 41431
WARNING: No label for address (41778):
  41480 CALL 41778
WARNING: No label for address (41510):
  41488 JR C,41510
WARNING: No label for address (44912):
  41490 LD BC,(44912)
WARNING: No label for address (41778):
  41507 CALL 41778
WARNING: No label for address (41548):
  41541 JR Z,41548
WARNING: No label for address (42579):
  41543 CALL 42579
WARNING: No label for address (41523):
  41546 JR 41523
WARNING: No label for address (41601):
  41564 JR NZ,41601
WARNING: No label for address (41601):
  41573 JR NZ,41601
WARNING: No label for address (44904):
  41575 LD A,(44904)
WARNING: No label for address (41601):
  41579 JR Z,41601
WARNING: No label for address (44904):
  41582 LD (44904),A
WARNING: No label for address (41601):
  41594 JR Z,41601
WARNING: No label for address (41463):
  41596 CALL 41463
WARNING: No label for address (41610):
  41599 JR 41610
WARNING: No label for address (30015):
  41607 CALL 30015
WARNING: No label for address (41523):
  41615 JR 41523
WARNING: No label for address (31667):
  41617 CALL 31667
WARNING: No label for address (31654):
  41621 JP 31654
WARNING: No label for address (41624):
  41653 LD (41624),HL
WARNING: No label for address (41624):
  41666 LD HL,(41624)
WARNING: No label for address (41676):
  41707 DJNZ 41676
WARNING: No label for address (41665):
  41711 DJNZ 41665
WARNING: No label for address (41663):
  41714 JR NZ,41663
WARNING: No label for address (41762):
  41745 JR Z,41762
WARNING: No label for address (41760):
  41751 JR NZ,41760
WARNING: No label for address (41750):
  41754 DJNZ 41750
WARNING: No label for address (41762):
  41765 DJNZ 41762
WARNING: No label for address (41758):
  41769 JR 41758
WARNING: No label for address (41771):
  41794 LD (41771),HL
WARNING: No label for address (42608):
  41798 CALL 42608
WARNING: No label for address (41717):
  41801 CALL 41717
WARNING: No label for address (42316):
  41804 JP Z,42316
WARNING: No label for address (41820):
  41811 JP P,41820
WARNING: No label for address (41627):
  41817 CALL 41627
WARNING: No label for address (48050):
  41823 LD (48050),HL
WARNING: No label for address (42608):
  41831 CALL 42608
WARNING: No label for address (41847):
  41838 JP P,41847
WARNING: No label for address (41627):
  41844 CALL 41627
WARNING: No label for address (41878):
  41869 JR NZ,41878
WARNING: No label for address (41771):
  41871 LD A,(41771)
WARNING: No label for address (41878):
  41875 JR Z,41878
WARNING: No label for address (42252):
  41922 JP Z,42252
WARNING: No label for address (41951):
  41952 DJNZ 41951
WARNING: No label for address (42239):
  41955 LD HL,42239
WARNING: No label for address (48050):
  41964 LD DE,(48050)
WARNING: No label for address (41975):
  41972 JP 41975
WARNING: No label for address (41971):
  42246 JP NZ,41971
WARNING: No label for address (42316):
  42249 JP 42316
WARNING: No label for address (42267):
  42259 JR C,42267
WARNING: No label for address (42267):
  42263 JR NC,42267
WARNING: No label for address (42289):
  42268 LD (42289),A
WARNING: No label for address (42297):
  42271 LD (42297),A
WARNING: No label for address (42284):
  42301 DJNZ 42284
WARNING: No label for address (42282):
  42310 JP NZ,42282
WARNING: No label for address (42316):
  42313 JP 42316
WARNING: No label for address (16384):
  42357 LD BC,16384
WARNING: No label for address (42374):
  42370 JR NZ,42374
WARNING: No label for address (42608):
  42375 CALL 42608
WARNING: No label for address (42323):
  42386 CALL 42323
WARNING: No label for address (42409):
  42444 DJNZ 42409
WARNING: No label for address (42406):
  42449 JR NZ,42406
WARNING: No label for address (42403):
  42462 DJNZ 42403
WARNING: No label for address (42364):
  42468 JP 42364
WARNING: No label for address (42471):
  42472 LD (42471),A
WARNING: No label for address (42485):
  42479 JR NZ,42485
WARNING: No label for address (42517):
  42497 JR Z,42517
WARNING: No label for address (42471):
  42502 LD A,(42471)
WARNING: No label for address (42515):
  42508 JR C,42515
WARNING: No label for address (42515):
  42510 JR Z,42515
WARNING: No label for address (42489):
  42513 JR 42489
WARNING: No label for address (42471):
  42570 LD A,(42471)
WARNING: No label for address (42634):
  42637 JR 42634
WARNING: No label for address (42670):
  42659 JR NZ,42670
WARNING: No label for address (42670):
  42665 JR NZ,42670
WARNING: No label for address (42655):
  42674 JR NZ,42655
WARNING: No label for address (42677):
  42704 LD DE,42677
WARNING: No label for address (42745):
  42719 CALL 42745
WARNING: No label for address (42709):
  42727 JR 42709
WARNING: No label for address (42709):
  42730 CALL 42709
WARNING: No label for address (44773):
  42735 CALL 44773
WARNING: No label for address (42735):
  42741 JR NZ,42735
WARNING: No label for address (42747):
  42777 CALL 42747
WARNING: No label for address (42770):
  42780 DJNZ 42770
WARNING: No label for address (42798):
  42801 JR 42798
WARNING: No label for address (42783):
  42804 CALL 42783
WARNING: No label for address (44773):
  42807 CALL 44773
WARNING: No label for address (42828):
  42820 JR NZ,42828
WARNING: No label for address (44888):
  42823 LD HL,44888
WARNING: No label for address (42836):
  42826 JR 42836
WARNING: No label for address (42842):
  42830 JR NZ,42842
WARNING: No label for address (42803):
  42836 CALL 42803
WARNING: No label for address (42935):
  42840 JR 42935
WARNING: No label for address (42852):
  42844 JR NZ,42852
WARNING: No label for address (42697):
  42847 CALL 42697
WARNING: No label for address (42836):
  42850 JR 42836
WARNING: No label for address (42863):
  42854 JR NZ,42863
WARNING: No label for address (44286):
  42858 CALL 44286
WARNING: No label for address (42935):
  42861 JR 42935
WARNING: No label for address (42872):
  42865 JR NZ,42872
WARNING: No label for address (42965):
  42867 CALL 42965
WARNING: No label for address (42935):
  42870 JR 42935
WARNING: No label for address (42883):
  42874 JR NZ,42883
WARNING: No label for address (44286):
  42878 CALL 44286
WARNING: No label for address (42935):
  42881 JR 42935
WARNING: No label for address (42899):
  42885 JR NZ,42899
WARNING: No label for address (44286):
  42889 CALL 44286
WARNING: No label for address (44286):
  42894 CALL 44286
WARNING: No label for address (42922):
  42897 JR 42922
WARNING: No label for address (42935):
  42901 JR Z,42935
WARNING: No label for address (42931):
  42905 JR NZ,42931
WARNING: No label for address (44286):
  42909 CALL 44286
WARNING: No label for address (44286):
  42914 CALL 44286
WARNING: No label for address (44286):
  42919 CALL 44286
WARNING: No label for address (42817):
  42928 JP 42817
WARNING: No label for address (42803):
  42931 CALL 42803
WARNING: No label for address (44286):
  42943 CALL 44286
WARNING: No label for address (42817):
  42946 JP 42817
WARNING: No label for address (42812):
  42950 CALL 42812
WARNING: No label for address (42783):
  42969 CALL 42783
WARNING: No label for address (42955):
  42973 LD DE,42955
WARNING: No label for address (42960):
  42977 LD HL,42960
WARNING: No label for address (42990):
  42985 JR NZ,42990
WARNING: No label for address (44773):
  42991 CALL 44773
WARNING: No label for address (44773):
  42995 CALL 44773
WARNING: No label for address (43012):
  43007 JR C,43012
WARNING: No label for address (43006):
  43010 JR 43006
WARNING: No label for address (43034):
  43022 JR Z,43034
WARNING: No label for address (43029):
  43032 JR NZ,43029
WARNING: No label for address (43000):
  43038 CALL 43000
WARNING: No label for address (42812):
  43041 JP 42812
WARNING: No label for address (43055):
  43051 JR Z,43055
WARNING: No label for address (42745):
  43056 CALL 42745
WARNING: No label for address (42745):
  43065 CALL 42745
WARNING: No label for address (43080):
  43076 JR Z,43080
WARNING: No label for address (44286):
  43081 CALL 44286
WARNING: No label for address (44286):
  43090 CALL 44286
WARNING: No label for address (16384):
  43094 LD HL,16384
WARNING: No label for address (43044):
  43206 CALL 43044
WARNING: No label for address (42729):
  43209 CALL 42729
WARNING: No label for address (42697):
  43215 CALL 42697
WARNING: No label for address (43224):
  43221 JR NC,43224
WARNING: No label for address (42783):
  43229 CALL 42783
WARNING: No label for address (42709):
  43232 CALL 42709
WARNING: No label for address (43236):
  43237 DJNZ 43236
WARNING: No label for address (43094):
  43245 CALL 43094
WARNING: No label for address (23624):
  43250 LD (23624),A
WARNING: No label for address (43270):
  43259 LD (43270),A
WARNING: No label for address (43273):
  43262 LD (43273),A
WARNING: No label for address (42362):
  43265 CALL 42362
WARNING: No label for address (43258):
  43280 JR C,43258
WARNING: No label for address (42362):
  43282 CALL 42362
WARNING: No label for address (22528):
  43315 LD HL,22528
WARNING: No label for address (43337):
  43339 DJNZ 43337
WARNING: No label for address (43337):
  43345 JR NZ,43337
WARNING: No label for address (43315):
  43558 CALL 43315
WARNING: No label for address (43108):
  43561 CALL 43108
WARNING: No label for address (64600):
  43564 CALL 64600
WARNING: No label for address (43572):
  43567 JR 43572
WARNING: No label for address (64612):
  43569 CALL 64612
WARNING: No label for address (23560):
  43573 LD (23560),A
WARNING: No label for address (23560):
  43577 LD A,(23560)
WARNING: No label for address (43569):
  43581 JR Z,43569
WARNING: No label for address (43396):
  43583 LD (43396),A
WARNING: No label for address (43614):
  43588 JR Z,43614
WARNING: No label for address (43664):
  43592 JR Z,43664
WARNING: No label for address (43760):
  43596 JP Z,43760
WARNING: No label for address (43664):
  43601 JR Z,43664
WARNING: No label for address (43760):
  43605 JP Z,43760
WARNING: No label for address (43617):
  43610 JR Z,43617
WARNING: No label for address (43569):
  43612 JR 43569
WARNING: No label for address (43094):
  43614 JP 43094
WARNING: No label for address (43555):
  43621 JR Z,43555
WARNING: No label for address (43645):
  43640 JR Z,43645
WARNING: No label for address (43108):
  43650 CALL 43108
WARNING: No label for address (43236):
  43655 CALL 43236
WARNING: No label for address (43625):
  43659 DJNZ 43625
WARNING: No label for address (43564):
  43661 JP 43564
WARNING: No label for address (23560):
  43713 LD (23560),A
WARNING: No label for address (23560):
  43716 LD A,(23560)
WARNING: No label for address (43716):
  43720 JR Z,43716
WARNING: No label for address (43829):
  43730 CALL 43829
WARNING: No label for address (43738):
  43739 DJNZ 43738
WARNING: No label for address (43348):
  43741 LD IX,(43348)
WARNING: No label for address (43829):
  43751 CALL 43829
WARNING: No label for address (43885):
  43765 CALL 43885
WARNING: No label for address (43834):
  43776 CALL 43834
WARNING: No label for address (43768):
  43779 JR NC,43768
WARNING: No label for address (43768):
  43791 JR NZ,43768
WARNING: No label for address (43789):
  43795 DJNZ 43789
WARNING: No label for address (43348):
  43797 LD IX,(43348)
WARNING: No label for address (43834):
  43807 CALL 43834
WARNING: No label for address (43396):
  43813 LD A,(43396)
WARNING: No label for address (43846):
  43832 JR 43846
WARNING: No label for address (43860):
  43856 JR NC,43860
WARNING: No label for address (64006):
  43875 CALL PO,64006
WARNING: No label for address (43878):
  43879 DJNZ 43878
WARNING: No label for address (43396):
  43885 LD A,(43396)
WARNING: No label for address (43903):
  43890 JR NC,43903
WARNING: No label for address (44848):
  43895 LD BC,44848
WARNING: No label for address (23560):
  43961 LD A,(23560)
WARNING: No label for address (43961):
  43968 JR C,43961
WARNING: No label for address (43961):
  43972 JR NC,43961
WARNING: No label for address (30891):
  44023 JP Z,30891
WARNING: No label for address (16384):
  44037 LD DE,16384
WARNING: No label for address (22528):
  44051 LD BC,22528
WARNING: No label for address (44081):
  44078 JR C,44081
WARNING: No label for address (43978):
  44084 LD HL,43978
WARNING: No label for address (44097):
  44088 JR Z,44097
WARNING: No label for address (44093):
  44095 JR NZ,44093
WARNING: No label for address (44023):
  44097 LD (44023),HL
WARNING: No label for address (44023):
  44104 LD DE,(44023)
WARNING: No label for address (44023):
  44114 LD IX,(44023)
WARNING: No label for address (44267):
  44145 JP 44267
WARNING: No label for address (44023):
  44154 LD IX,(44023)
WARNING: No label for address (44062):
  44167 CALL 44062
WARNING: No label for address (44203):
  44205 DJNZ 44203
WARNING: No label for address (44215):
  44217 DJNZ 44215
WARNING: No label for address (44212):
  44225 JR NZ,44212
WARNING: No label for address (44198):
  44232 DJNZ 44198
WARNING: No label for address (44267):
  44237 CALL 44267
WARNING: No label for address (44319):
  44240 JP 44319
WARNING: No label for address (44023):
  44246 LD IX,(44023)
WARNING: No label for address (44263):
  44260 JR C,44263
WARNING: No label for address (44286):
  44270 CALL 44286
WARNING: No label for address (44286):
  44274 CALL 44286
WARNING: No label for address (44286):
  44278 CALL 44286
WARNING: No label for address (44299):
  44283 JP 44299
WARNING: No label for address (44023):
  44292 LD IX,(44023)
WARNING: No label for address (44283):
  44296 JP 44283
WARNING: No label for address (44569):
  44301 JP C,44569
WARNING: No label for address (44316):
  44304 JR NZ,44316
WARNING: No label for address (44319):
  44312 JR Z,44319
WARNING: No label for address (44455):
  44316 CALL 44455
WARNING: No label for address (44062):
  44350 CALL 44062
WARNING: No label for address (46191):
  44363 LD BC,(46191)
WARNING: No label for address (44381):
  44376 JR NZ,44381
WARNING: No label for address (44394):
  44382 LD (44394),A
WARNING: No label for address (44400):
  44394 JR Z,44400
WARNING: No label for address (44408):
  44405 JR Z,44408
WARNING: No label for address (44387):
  44409 DJNZ 44387
WARNING: No label for address (44427):
  44419 JR C,44427
WARNING: No label for address (44451):
  44442 JR Z,44451
WARNING: No label for address (44471):
  44444 CALL 44471
WARNING: No label for address (44326):
  44455 CALL 44326
WARNING: No label for address (44412):
  44458 CALL 44412
WARNING: No label for address (44326):
  44468 JP 44326
WARNING: No label for address (44530):
  44480 JR 44530
WARNING: No label for address (44511):
  44526 JR NZ,44511
WARNING: No label for address (44482):
  44531 JR NZ,44482
WARNING: No label for address (44062):
  44536 CALL 44062
WARNING: No label for address (44545):
  44547 DJNZ 44545
WARNING: No label for address (44559):
  44561 DJNZ 44559
WARNING: No label for address (44552):
  44566 JR NZ,44552
WARNING: No label for address (44600):
  44571 JR NZ,44600
WARNING: No label for address (44588):
  44579 JR Z,44588
WARNING: No label for address (44455):
  44583 CALL 44455
WARNING: No label for address (44573):
  44586 JR 44573
WARNING: No label for address (44461):
  44588 CALL 44461
WARNING: No label for address (44299):
  44591 LD HL,44299
WARNING: No label for address (44319):
  44597 JP 44319
WARNING: No label for address (44648):
  44602 JR NZ,44648
WARNING: No label for address (44615):
  44608 JR Z,44615
WARNING: No label for address (44326):
  44612 CALL 44326
WARNING: No label for address (44624):
  44615 LD HL,44624
WARNING: No label for address (44319):
  44621 JP 44319
WARNING: No label for address (44633):
  44627 LD HL,44633
WARNING: No label for address (44618):
  44630 JP 44618
WARNING: No label for address (44299):
  44633 LD HL,44299
WARNING: No label for address (44416):
  44639 CALL 44416
WARNING: No label for address (44461):
  44642 CALL 44461
WARNING: No label for address (44319):
  44645 JP 44319
WARNING: No label for address (44666):
  44650 JR NZ,44666
WARNING: No label for address (44658):
  44652 LD HL,44658
WARNING: No label for address (44618):
  44655 JP 44618
WARNING: No label for address (44299):
  44661 LD HL,44299
WARNING: No label for address (44618):
  44664 JR 44618
WARNING: No label for address (44692):
  44668 JP NZ,44692
WARNING: No label for address (44677):
  44671 LD HL,44677
WARNING: No label for address (44618):
  44674 JP 44618
WARNING: No label for address (44661):
  44689 JP 44661
WARNING: No label for address (44714):
  44694 JP NZ,44714
WARNING: No label for address (44703):
  44697 LD HL,44703
WARNING: No label for address (44618):
  44700 JP 44618
WARNING: No label for address (44685):
  44712 JR 44685
WARNING: No label for address (44319):
  44716 JP NZ,44319
WARNING: No label for address (44725):
  44719 LD HL,44725
WARNING: No label for address (44618):
  44722 JP 44618
WARNING: No label for address (44739):
  44732 JR Z,44739
WARNING: No label for address (44326):
  44736 CALL 44326
WARNING: No label for address (44412):
  44742 CALL 44412
WARNING: No label for address (44661):
  44745 JP 44661
WARNING: No label for address (44286):
  44758 CALL 44286
WARNING: No label for address (44748):
  44765 JR Z,44748
WARNING: No label for address (44748):
  44769 CALL 44748
WARNING: No label for address (44023):
  44778 LD IX,(44023)
WARNING: No label for address (44792):
  44785 JR 44792
WARNING: No label for address (44809):
  44790 JR Z,44809
WARNING: No label for address (44809):
  44795 JR Z,44809
WARNING: No label for address (44809):
  44799 JR Z,44809
WARNING: No label for address (44809):
  44804 JR NZ,44809
WARNING: No label for address (44787):
  44807 JR 44787
WARNING: No label for address (44820):
  44813 JR NC,44820
WARNING: No label for address (44286):
  44817 CALL 44286
WARNING: No label for address (44840):
  44823 JR NZ,44840
WARNING: No label for address (44834):
  44827 JR 44834
WARNING: No label for address (44777):
  44832 JR Z,44777
WARNING: No label for address (44286):
  44834 CALL 44286
WARNING: No label for address (44829):
  44838 JR 44829
WARNING: No label for address (44748):
  44845 JP 44748
WARNING: No label for address (34740):
  46156 JP 34740
WARNING: No label for address (38936):
  46180 JP 38936
WARNING: No label for address (43315):
  46689 CALL 43315
WARNING: No label for address (64600):
  46697 CALL 64600
WARNING: No label for address (31023):
  46700 JP 31023
WARNING: No label for address (47007):
  47000 JP 47007
WARNING: No label for address (16416):
  47011 LD IX,16416
WARNING: No label for address (49120):
  47015 LD DE,49120
WARNING: No label for address (47086):
  47021 JP 47086
WARNING: No label for address (16416):
  47035 LD IX,16416
WARNING: No label for address (49120):
  47039 LD DE,49120
WARNING: No label for address (47821):
  47044 CALL 47821
WARNING: No label for address (23624):
  47068 LD A,(23624)
WARNING: No label for address (47065):
  47086 LD SP,47065
WARNING: No label for address (47119):
  47105 JR C,47119
WARNING: No label for address (47102):
  47117 JR 47102
WARNING: No label for address (16384):
  47122 LD (16384),HL
WARNING: No label for address (47327):
  47157 CALL 47327
WARNING: No label for address (47156):
  47160 JR NC,47156
WARNING: No label for address (47165):
  47165 DJNZ 47165
WARNING: No label for address (47165):
  47170 JR NZ,47165
WARNING: No label for address (47323):
  47172 CALL 47323
WARNING: No label for address (47156):
  47175 JR NC,47156
WARNING: No label for address (47323):
  47179 CALL 47323
WARNING: No label for address (47156):
  47182 JR NC,47156
WARNING: No label for address (47157):
  47187 JR NC,47157
WARNING: No label for address (47177):
  47190 JR NZ,47177
WARNING: No label for address (47327):
  47194 CALL 47327
WARNING: No label for address (47156):
  47197 JR NC,47156
WARNING: No label for address (47192):
  47202 JR NC,47192
WARNING: No label for address (47327):
  47204 CALL 47327
WARNING: No label for address (47405):
  47212 LD IY,47405
WARNING: No label for address (47218):
  47218 DJNZ 47218
WARNING: No label for address (47257):
  47223 JR 47257
WARNING: No label for address (47236):
  47226 JR NZ,47236
WARNING: No label for address (47246):
  47228 JR NC,47246
WARNING: No label for address (47251):
  47234 JR 47251
WARNING: No label for address (47253):
  47244 JR 47253
WARNING: No label for address (47290):
  47259 CALL 47290
WARNING: No label for address (47357):
  47270 JP NC,47357
WARNING: No label for address (47225):
  47278 JR NZ,47225
WARNING: No label for address (47024):
  47283 LD HL,47024
WARNING: No label for address (47067):
  47287 JP 47067
WARNING: No label for address (47299):
  47290 CALL 47299
WARNING: No label for address (47296):
  47297 JR NZ,47296
WARNING: No label for address (47300):
  47310 JR Z,47300
WARNING: No label for address (47327):
  47323 CALL 47327
WARNING: No label for address (47329):
  47330 JR NZ,47329
WARNING: No label for address (47333):
  47344 JR Z,47333
WARNING: No label for address (47370):
  47359 JP Z,47370
WARNING: No label for address (47259):
  47367 JP 47259
WARNING: No label for address (47385):
  47373 JP Z,47385
WARNING: No label for address (47378):
  47379 JR NZ,47378
WARNING: No label for address (47259):
  47382 JP 47259
WARNING: No label for address (47405):
  47396 LD IY,47405
WARNING: No label for address (47381):
  47402 JP 47381
WARNING: No label for address (47364):
  47418 CALL 47364
WARNING: No label for address (47364):
  47431 CALL 47364
WARNING: No label for address (47364):
  47444 CALL 47364
WARNING: No label for address (47364):
  47457 CALL 47364
WARNING: No label for address (47364):
  47471 CALL 47364
WARNING: No label for address (47364):
  47484 CALL 47364
WARNING: No label for address (47364):
  47497 CALL 47364
WARNING: No label for address (47364):
  47510 CALL 47364
WARNING: No label for address (47364):
  47526 CALL 47364
WARNING: No label for address (47364):
  47539 CALL 47364
WARNING: No label for address (47364):
  47552 CALL 47364
WARNING: No label for address (47640):
  47568 LD IY,47640
WARNING: No label for address (47259):
  47573 JP 47259
WARNING: No label for address (18264):
  47576 LD HL,18264
WARNING: No label for address (47663):
  47645 JR Z,47663
WARNING: No label for address (47405):
  47655 LD IY,47405
WARNING: No label for address (47259):
  47660 JP 47259
WARNING: No label for address (47364):
  47666 CALL 47364
WARNING: No label for address (16384):
  47669 LD A,(16384)
WARNING: No label for address (16384):
  47675 LD (16384),A
WARNING: No label for address (47697):
  47689 LD IY,47697
WARNING: No label for address (47259):
  47694 JP 47259
WARNING: No label for address (47706):
  47703 JR Z,47706
WARNING: No label for address (47364):
  47709 CALL 47364
WARNING: No label for address (47364):
  47722 CALL 47364
WARNING: No label for address (47364):
  47734 CALL 47364
WARNING: No label for address (47364):
  47746 CALL 47364
WARNING: No label for address (47364):
  47758 CALL 47364
WARNING: No label for address (47364):
  47773 CALL 47364
WARNING: No label for address (47789):
  47780 JP Z,47789
WARNING: No label for address (47722):
  47786 JP 47722
WARNING: No label for address (47801):
  47796 JR Z,47801
WARNING: No label for address (47809):
  47801 LD IY,47809
WARNING: No label for address (47259):
  47806 JP 47259
WARNING: No label for address (47811):
  47812 JR NZ,47811
WARNING: No label for address (47259):
  47815 JP 47259
WARNING: No label for address (47992):
  47821 LD HL,47992
WARNING: No label for address (47835):
  47830 JR Z,47835
WARNING: No label for address (47843):
  47843 DJNZ 47843
WARNING: No label for address (47843):
  47852 JR NZ,47843
WARNING: No label for address (47843):
  47856 JP P,47843
WARNING: No label for address (47861):
  47861 DJNZ 47861
WARNING: No label for address (47869):
  47869 DJNZ 47869
WARNING: No label for address (47890):
  47878 JP 47890
WARNING: No label for address (47916):
  47883 JR Z,47916
WARNING: No label for address (47906):
  47899 JR NZ,47906
WARNING: No label for address (47906):
  47903 JP 47906
WARNING: No label for address (47972):
  47913 JP 47972
WARNING: No label for address (47819):
  47916 LD IX,(47819)
WARNING: No label for address (47888):
  47923 JP 47888
WARNING: No label for address (47940):
  47926 JP C,47940
WARNING: No label for address (47951):
  47933 JR NC,47951
WARNING: No label for address (47951):
  47937 JP 47951
WARNING: No label for address (47951):
  47944 JR C,47951
WARNING: No label for address (47951):
  47948 JP 47951
WARNING: No label for address (47955):
  47955 DJNZ 47955
WARNING: No label for address (47963):
  47957 JR NC,47963
WARNING: No label for address (47961):
  47961 DJNZ 47961
WARNING: No label for address (47926):
  47967 JR NZ,47926
WARNING: No label for address (47955):
  47974 JP NZ,47955
WARNING: No label for address (47881):
  47984 JP NZ,47881
WARNING: No label for address (47989):
  47989 DJNZ 47989
WARNING: No label for address (23624):
  47993 LD A,(23624)
WARNING: No label for address (48100):
  48094 JR C,48100
WARNING: No label for address (48109):
  48102 JR Z,48109
WARNING: No label for address (48118):
  48110 JR 48118
WARNING: No label for address (48153):
  48142 JR C,48153
WARNING: No label for address (48110):
  48231 DJNZ 48110
WARNING: No label for address (48253):
  48234 JR Z,48253
WARNING: No label for address (48262):
  48242 JR 48262
WARNING: No label for address (48266):
  48246 JR NC,48266
WARNING: No label for address (48200):
  48323 JR 48200
WARNING: No label for address (48203):
  48327 JR 48203
WARNING: No label for address (48207):
  48331 JR 48207
WARNING: No label for address (48686):
  48638 JR 48686
WARNING: No label for address (48690):
  48642 JR 48690
WARNING: No label for address (49708):
  49706 JR 49708
WARNING: No label for address (49795):
  49793 DJNZ 49795
WARNING: No label for address (49798):
  49796 DJNZ 49798
WARNING: No label for address (49825):
  49823 JR 49825
WARNING: No label for address (49948):
  49946 JR 49948
WARNING: No label for address (50201):
  50199 DJNZ 50201
WARNING: No label for address (50204):
  50202 DJNZ 50204
WARNING: No label for address (50207):
  50205 DJNZ 50207
WARNING: No label for address (50252):
  50214 DJNZ 50252
WARNING: No label for address (50691):
  50672 JR 50691
WARNING: No label for address (50751):
  50679 LD (50751),HL
WARNING: No label for address (65288):
  50699 JP PO,65288
WARNING: No label for address (65288):
  50702 JP P,65288
WARNING: No label for address (65284):
  50705 CALL P,65284
WARNING: No label for address (65288):
  50711 CALL P,65288
WARNING: No label for address (65288):
  50714 CALL P,65288
WARNING: No label for address (64264):
  50717 CALL P,64264
WARNING: No label for address (29960):
  50726 CALL P,29960
WARNING: No label for address (21768):
  50732 CALL PO,21768
WARNING: No label for address (50763):
  50753 JR 50763
WARNING: No label for address (18432):
  50928 LD DE,18432
WARNING: No label for address (50933):
  50931 DJNZ 50933
WARNING: No label for address (50942):
  50940 DJNZ 50942
WARNING: No label for address (50951):
  50949 JR NZ,50951
WARNING: No label for address (50954):
  50952 JR 50954
WARNING: No label for address (65363):
  51075 JP PO,65363
WARNING: No label for address (51115):
  51129 JR NZ,51115
WARNING: No label for address (51147):
  51145 JR 51147
WARNING: No label for address (54575):
  51913 JP P,54575
WARNING: No label for address (51903):
  51923 JR NC,51903
WARNING: No label for address (36617):
  51928 JP M,36617
WARNING: No label for address (52008):
  51946 JR 52008
WARNING: No label for address (51951):
  51949 JR 51951
WARNING: No label for address (51960):
  51958 JR 51960
WARNING: No label for address (54752):
  54668 DJNZ 54752
WARNING: No label for address (54583):
  54708 JR 54583
WARNING: No label for address (65283):
  54914 CALL M,65283
WARNING: No label for address (65343):
  55546 CALL M,65343
WARNING: No label for address (65311):
  55549 CALL M,65311
WARNING: No label for address (65343):
  55561 CALL M,65343
WARNING: No label for address (65311):
  55564 CALL M,65311
WARNING: No label for address (65311):
  55570 CALL M,65311
WARNING: No label for address (65311):
  55573 CALL M,65311
WARNING: No label for address (34960):
  55838 LD BC,34960
WARNING: No label for address (55851):
  55849 DJNZ 55851
WARNING: No label for address (56025):
  56023 JR C,56025
WARNING: No label for address (56376):
  56350 DJNZ 56376
WARNING: No label for address (56201):
  56365 JP NC,56201
WARNING: No label for address (36898):
  56394 JP 36898
WARNING: No label for address (56368):
  56408 JR NC,56368
WARNING: No label for address (56428):
  56410 JR 56428
WARNING: No label for address (46351):
  57646 CALL M,46351
WARNING: No label for address (33030):
  57649 CALL M,33030
WARNING: No label for address (57729):
  57664 JR 57729
WARNING: No label for address (57664):
  57666 JR 57664
WARNING: No label for address (31727):
  57702 JP 31727
WARNING: No label for address (57876):
  57858 JR Z,57876
WARNING: No label for address (19344):
  57860 LD BC,19344
WARNING: No label for address (32897):
  58355 LD BC,32897
WARNING: No label for address (32897):
  58499 LD BC,32897
WARNING: No label for address (59369):
  59367 JR C,59369
WARNING: No label for address (59375):
  59373 JR 59375
WARNING: No label for address (59384):
  59382 JR 59384
WARNING: No label for address (59570):
  59504 DJNZ 59570
WARNING: No label for address (59511):
  59509 JR 59511
WARNING: No label for address (59608):
  59542 DJNZ 59608
WARNING: No label for address (59552):
  59547 JR NZ,59552
WARNING: No label for address (59552):
  59550 JR NZ,59552
WARNING: No label for address (59589):
  59587 JR NZ,59589
WARNING: No label for address (59592):
  59590 JR 59592
WARNING: No label for address (59610):
  59608 JR Z,59610
WARNING: No label for address (59613):
  59611 DJNZ 59613
WARNING: No label for address (59893):
  59765 DJNZ 59893
WARNING: No label for address (65367):
  59971 JP Z,65367
WARNING: No label for address (60804):
  60792 JR NZ,60804
WARNING: No label for address (60822):
  60814 DJNZ 60822
WARNING: No label for address (16384):
  60822 LD SP,16384
WARNING: No label for address (60892):
  60826 JR 60892
WARNING: No label for address (61096):
  61072 DJNZ 61096
WARNING: No label for address (65311):
  61327 CALL M,65311
WARNING: No label for address (65311):
  61551 CALL M,65311
WARNING: No label for address (65311):
  61555 CALL M,65311
WARNING: No label for address (65343):
  61559 CALL M,65343
WARNING: No label for address (65343):
  61563 CALL M,65343
WARNING: No label for address (65343):
  61567 CALL C,65343
WARNING: No label for address (61607):
  61593 JR 61607
WARNING: No label for address (61634):
  61596 JR NC,61634
WARNING: No label for address (61650):
  61648 JR 61650
WARNING: No label for address (61714):
  61712 JR NZ,61714
WARNING: No label for address (61718):
  61716 DJNZ 61718
WARNING: No label for address (62793):
  62751 JR 62793
WARNING: No label for address (62847):
  62821 JR 62847
WARNING: No label for address (62825):
  62823 JR 62825
WARNING: No label for address (62864):
  62826 JR 62864
WARNING: No label for address (62833):
  62831 JR 62833
WARNING: No label for address (62887):
  62849 JR 62887
WARNING: No label for address (62904):
  62866 JR 62904
WARNING: No label for address (62927):
  62885 JR 62927
WARNING: No label for address (62935):
  62948 JR 62935
WARNING: No label for address (63359):
  63305 JR 63359
WARNING: No label for address (65407):
  63311 JP 65407
WARNING: No label for address (63448):
  63368 JR NC,63448
WARNING: No label for address (63524):
  63459 JR 63524
WARNING: No label for address (65293):
  63489 CALL M,65293
WARNING: No label for address (63587):
  63585 JR Z,63587
WARNING: No label for address (63602):
  63600 JR C,63602
WARNING: No label for address (33011):
  63840 LD BC,33011
WARNING: No label for address (64671):
  64613 CALL 64671
WARNING: No label for address (64613):
  64620 JR Z,64613
WARNING: No label for address (64663):
  64643 JR Z,64663
WARNING: No label for address (64812):
  64655 LD HL,64812
WARNING: No label for address (64640):
  64669 JR 64640
WARNING: No label for address (64636):
  64674 CALL 64636
WARNING: No label for address (64624):
  64677 LD (64624),A
WARNING: No label for address (64636):
  64683 CALL 64636
WARNING: No label for address (64624):
  64689 LD HL,64624
WARNING: No label for address (64649):
  64692 CALL 64649
WARNING: No label for address (64649):
  64704 CALL 64649
WARNING: No label for address (64716):
  64710 JR NZ,64716
WARNING: No label for address (64782):
  64714 JR Z,64782
WARNING: No label for address (64764):
  64739 JR NZ,64764
WARNING: No label for address (64771):
  64746 JP NZ,64771
WARNING: No label for address (64733):
  64753 DJNZ 64733
WARNING: No label for address (64735):
  64756 JP NZ,64735
WARNING: No label for address (64764):
  64764 JR Z,64764
WARNING: No label for address (64749):
  64768 JP Z,64749
WARNING: No label for address (64733):
  64775 DJNZ 64733
WARNING: No label for address (64735):
  64778 JP NZ,64735
WARNING: No label for address (64791):
  64803 DJNZ 64791
WARNING: No label for address (64791):
  64806 JP NZ,64791
WARNING: No label for address (65084):
  65050 JR NZ,65084
WARNING: No label for address (65081):
  65060 JR 65081
WARNING: No label for address (65091):
  65072 JR 65091
WARNING: No label for address (65105):
  65084 JR 65105
WARNING: No label for address (65091):
  65089 JR 65091
WARNING: No label for address (65135):
  65125 JR NZ,65135
WARNING: No label for address (65169):
  65140 JR 65169
WARNING: No label for address (65173):
  65142 JR 65173
WARNING: No label for address (65177):
  65144 JR 65177
WARNING: No label for address (65177):
  65148 JR 65177
WARNING: No label for address (65181):
  65150 JR 65181
WARNING: No label for address (65197):
  65163 JR 65197
WARNING: No label for address (65199):
  65171 JR 65199
WARNING: No label for address (65213):
  65179 JR 65213
WARNING: No label for address (65215):
  65187 JR 65215
WARNING: No label for address (65229):
  65195 JR 65229
WARNING: No label for address (65231):
  65203 JR 65231
WARNING: No label for address (65245):
  65211 JR 65245
WARNING: No label for address (65247):
  65219 JR 65247
WARNING: No label for address (65261):
  65227 JR 65261
WARNING: No label for address (65263):
  65235 JR 65263
WARNING: No label for address (65277):
  65243 JR 65277
WARNING: No label for address (65279):
  65251 JR 65279
WARNING: No label for address (65286):
  65255 JR 65286
WARNING: No label for address (65293):
  65259 JR 65293
WARNING: No label for address (65294):
  65261 JR 65294
WARNING: No label for address (65292):
  65263 JR 65292
WARNING: No label for address (65298):
  65265 JR 65298
WARNING: No label for address (65295):
  65267 JR 65295
WARNING: No label for address (65298):
  65269 JR 65298
WARNING: No label for address (65302):
  65271 JR 65302
WARNING: No label for address (65309):
  65275 JR 65309
WARNING: No label for address (65310):
  65277 JR 65310
WARNING: No label for address (65308):
  65279 JR 65308
WARNING: No label for address (65314):
  65281 JR 65314
WARNING: No label for address (65317):
  65286 JR NZ,65317
WARNING: No label for address (65327):
  65296 JR NZ,65327
WARNING: No label for address (65333):
  65302 JR NZ,65333
WARNING: No label for address (65343):
  65312 JR NZ,65343
WARNING: No label for address (65357):
  65323 JR 65357
WARNING: No label for address (65358):
  65325 JR 65358
WARNING: No label for address (65362):
  65329 JR 65362
WARNING: No label for address (65359):
  65331 JR 65359
WARNING: No label for address (65362):
  65333 JR 65362
WARNING: No label for address (65366):
  65335 JR 65366
WARNING: No label for address (65370):
  65337 JR 65370
WARNING: No label for address (65373):
  65339 JR 65373
WARNING: No label for address (65374):
  65341 JR 65374
WARNING: No label for address (65378):
  65345 JR 65378
WARNING: No label for address (65419):
  65381 JR 65419
WARNING: No label for address (65421):
  65383 JR 65421
WARNING: No label for address (65423):
  65385 JR 65423
WARNING: No label for address (65377):
  65387 JR 65377
WARNING: No label for address (65383):
  65391 JR 65383
WARNING: No label for address (65397):
  65395 JR 65397
Parsed hotm-fixed.skool (1.29s)
WARNING: Comment contains address (16384) not converted to a label:
; Data block at 16384
WARNING: Comment contains address (23787) not converted to a label:
; Message at 23787
WARNING: Comment contains address (23792) not converted to a label:
; Data block at 23792
WARNING: Comment contains address (23800) not converted to a label:
; Message at 23800
WARNING: Comment contains address (23803) not converted to a label:
; Data block at 23803
WARNING: Comment contains address (23807) not converted to a label:
; Message at 23807
WARNING: Comment contains address (23812) not converted to a label:
; Data block at 23812
WARNING: Comment contains address (23822) not converted to a label:
; Message at 23822
WARNING: Comment contains address (23827) not converted to a label:
; Data block at 23827
WARNING: Comment contains address (23849) not converted to a label:
; Message at 23849
WARNING: Comment contains address (23860) not converted to a label:
; Data block at 23860
WARNING: Comment contains address (24076) not converted to a label:
; Message at 24076
WARNING: Comment contains address (24080) not converted to a label:
; Data block at 24080
WARNING: Comment contains address (24118) not converted to a label:
; Message at 24118
WARNING: Comment contains address (24123) not converted to a label:
; Data block at 24123
WARNING: Comment contains address (24125) not converted to a label:
; Routine at 24125
WARNING: Comment contains address (24140) not converted to a label:
; Data block at 24140
WARNING: Comment contains address (24149) not converted to a label:
; Routine at 24149
WARNING: Comment contains address (24160) not converted to a label:
; Data block at 24160
WARNING: Comment contains address (24282) not converted to a label:
; Message at 24282
WARNING: Comment contains address (24285) not converted to a label:
; Data block at 24285
WARNING: Comment contains address (24286) not converted to a label:
; Message at 24286
WARNING: Comment contains address (24289) not converted to a label:
; Data block at 24289
WARNING: Comment contains address (24290) not converted to a label:
; Message at 24290
WARNING: Comment contains address (24293) not converted to a label:
; Data block at 24293
WARNING: Comment contains address (24294) not converted to a label:
; Message at 24294
WARNING: Comment contains address (24297) not converted to a label:
; Data block at 24297
WARNING: Comment contains address (24298) not converted to a label:
; Message at 24298
WARNING: Comment contains address (24301) not converted to a label:
; Data block at 24301
WARNING: Comment contains address (24302) not converted to a label:
; Message at 24302
WARNING: Comment contains address (24305) not converted to a label:
; Data block at 24305
WARNING: Comment contains address (24306) not converted to a label:
; Message at 24306
WARNING: Comment contains address (24309) not converted to a label:
; Data block at 24309
WARNING: Comment contains address (24310) not converted to a label:
; Message at 24310
WARNING: Comment contains address (24313) not converted to a label:
; Data block at 24313
WARNING: Comment contains address (24314) not converted to a label:
; Message at 24314
WARNING: Comment contains address (24317) not converted to a label:
; Data block at 24317
WARNING: Comment contains address (24318) not converted to a label:
; Message at 24318
WARNING: Comment contains address (24321) not converted to a label:
; Data block at 24321
WARNING: Comment contains address (24322) not converted to a label:
; Message at 24322
WARNING: Comment contains address (24325) not converted to a label:
; Data block at 24325
WARNING: Comment contains address (24326) not converted to a label:
; Message at 24326
WARNING: Comment contains address (24329) not converted to a label:
; Data block at 24329
WARNING: Comment contains address (24330) not converted to a label:
; Message at 24330
WARNING: Comment contains address (24333) not converted to a label:
; Data block at 24333
WARNING: Comment contains address (24334) not converted to a label:
; Message at 24334
WARNING: Comment contains address (24337) not converted to a label:
; Data block at 24337
WARNING: Comment contains address (24338) not converted to a label:
; Message at 24338
WARNING: Comment contains address (24341) not converted to a label:
; Data block at 24341
WARNING: Comment contains address (24342) not converted to a label:
; Message at 24342
WARNING: Comment contains address (24345) not converted to a label:
; Data block at 24345
WARNING: Comment contains address (24346) not converted to a label:
; Message at 24346
WARNING: Comment contains address (24349) not converted to a label:
; Data block at 24349
WARNING: Comment contains address (24350) not converted to a label:
; Message at 24350
WARNING: Comment contains address (24353) not converted to a label:
; Data block at 24353
WARNING: Comment contains address (24354) not converted to a label:
; Message at 24354
WARNING: Comment contains address (24357) not converted to a label:
; Data block at 24357
WARNING: Comment contains address (24358) not converted to a label:
; Message at 24358
WARNING: Comment contains address (24361) not converted to a label:
; Data block at 24361
WARNING: Comment contains address (24362) not converted to a label:
; Message at 24362
WARNING: Comment contains address (24365) not converted to a label:
; Data block at 24365
WARNING: Comment contains address (24366) not converted to a label:
; Message at 24366
WARNING: Comment contains address (24369) not converted to a label:
; Data block at 24369
WARNING: Comment contains address (24370) not converted to a label:
; Message at 24370
WARNING: Comment contains address (24373) not converted to a label:
; Data block at 24373
WARNING: Comment contains address (24374) not converted to a label:
; Message at 24374
WARNING: Comment contains address (24377) not converted to a label:
; Data block at 24377
WARNING: Comment contains address (24378) not converted to a label:
; Message at 24378
WARNING: Comment contains address (24381) not converted to a label:
; Data block at 24381
WARNING: Comment contains address (24382) not converted to a label:
; Message at 24382
WARNING: Comment contains address (24385) not converted to a label:
; Data block at 24385
WARNING: Comment contains address (24386) not converted to a label:
; Message at 24386
WARNING: Comment contains address (24389) not converted to a label:
; Data block at 24389
WARNING: Comment contains address (24390) not converted to a label:
; Message at 24390
WARNING: Comment contains address (24393) not converted to a label:
; Data block at 24393
WARNING: Comment contains address (24394) not converted to a label:
; Message at 24394
WARNING: Comment contains address (24397) not converted to a label:
; Data block at 24397
WARNING: Comment contains address (24398) not converted to a label:
; Message at 24398
WARNING: Comment contains address (24401) not converted to a label:
; Data block at 24401
WARNING: Comment contains address (24402) not converted to a label:
; Message at 24402
WARNING: Comment contains address (24405) not converted to a label:
; Data block at 24405
WARNING: Comment contains address (24406) not converted to a label:
; Message at 24406
WARNING: Comment contains address (24409) not converted to a label:
; Data block at 24409
WARNING: Comment contains address (24410) not converted to a label:
; Message at 24410
WARNING: Comment contains address (24413) not converted to a label:
; Data block at 24413
WARNING: Comment contains address (24414) not converted to a label:
; Message at 24414
WARNING: Comment contains address (24417) not converted to a label:
; Data block at 24417
WARNING: Comment contains address (24418) not converted to a label:
; Message at 24418
WARNING: Comment contains address (24421) not converted to a label:
; Data block at 24421
WARNING: Comment contains address (24422) not converted to a label:
; Message at 24422
WARNING: Comment contains address (24425) not converted to a label:
; Data block at 24425
WARNING: Comment contains address (24426) not converted to a label:
; Message at 24426
WARNING: Comment contains address (24429) not converted to a label:
; Data block at 24429
WARNING: Comment contains address (24430) not converted to a label:
; Message at 24430
WARNING: Comment contains address (24433) not converted to a label:
; Data block at 24433
WARNING: Comment contains address (24434) not converted to a label:
; Message at 24434
WARNING: Comment contains address (24437) not converted to a label:
; Data block at 24437
WARNING: Comment contains address (24438) not converted to a label:
; Message at 24438
WARNING: Comment contains address (24441) not converted to a label:
; Data block at 24441
WARNING: Comment contains address (24442) not converted to a label:
; Message at 24442
WARNING: Comment contains address (24445) not converted to a label:
; Data block at 24445
WARNING: Comment contains address (24446) not converted to a label:
; Message at 24446
WARNING: Comment contains address (24449) not converted to a label:
; Data block at 24449
WARNING: Comment contains address (24450) not converted to a label:
; Message at 24450
WARNING: Comment contains address (24453) not converted to a label:
; Data block at 24453
WARNING: Comment contains address (24454) not converted to a label:
; Message at 24454
WARNING: Comment contains address (24457) not converted to a label:
; Data block at 24457
WARNING: Comment contains address (24458) not converted to a label:
; Message at 24458
WARNING: Comment contains address (24461) not converted to a label:
; Data block at 24461
WARNING: Comment contains address (24462) not converted to a label:
; Message at 24462
WARNING: Comment contains address (24465) not converted to a label:
; Data block at 24465
WARNING: Comment contains address (24466) not converted to a label:
; Message at 24466
WARNING: Comment contains address (24469) not converted to a label:
; Data block at 24469
WARNING: Comment contains address (24470) not converted to a label:
; Message at 24470
WARNING: Comment contains address (24473) not converted to a label:
; Data block at 24473
WARNING: Comment contains address (24474) not converted to a label:
; Message at 24474
WARNING: Comment contains address (24477) not converted to a label:
; Data block at 24477
WARNING: Comment contains address (24480) not converted to a label:
; Routine at 24480
WARNING: Comment contains address (24492) not converted to a label:
; Routine at 24492
WARNING: Comment contains address (24498) not converted to a label:
; Message at 24498
WARNING: Comment contains address (24501) not converted to a label:
; Data block at 24501
WARNING: Comment contains address (24502) not converted to a label:
; Message at 24502
WARNING: Comment contains address (24505) not converted to a label:
; Data block at 24505
WARNING: Comment contains address (24506) not converted to a label:
; Message at 24506
WARNING: Comment contains address (24509) not converted to a label:
; Data block at 24509
WARNING: Comment contains address (24510) not converted to a label:
; Message at 24510
WARNING: Comment contains address (24513) not converted to a label:
; Data block at 24513
WARNING: Comment contains address (24514) not converted to a label:
; Message at 24514
WARNING: Comment contains address (24517) not converted to a label:
; Data block at 24517
WARNING: Comment contains address (24518) not converted to a label:
; Message at 24518
WARNING: Comment contains address (24521) not converted to a label:
; Data block at 24521
WARNING: Comment contains address (24522) not converted to a label:
; Message at 24522
WARNING: Comment contains address (24525) not converted to a label:
; Data block at 24525
WARNING: Comment contains address (24526) not converted to a label:
; Message at 24526
WARNING: Comment contains address (24529) not converted to a label:
; Data block at 24529
WARNING: Comment contains address (24530) not converted to a label:
; Message at 24530
WARNING: Comment contains address (24533) not converted to a label:
; Data block at 24533
WARNING: Comment contains address (24534) not converted to a label:
; Message at 24534
WARNING: Comment contains address (24537) not converted to a label:
; Data block at 24537
WARNING: Comment contains address (24538) not converted to a label:
; Message at 24538
WARNING: Comment contains address (24541) not converted to a label:
; Data block at 24541
WARNING: Comment contains address (24542) not converted to a label:
; Message at 24542
WARNING: Comment contains address (24545) not converted to a label:
; Data block at 24545
WARNING: Comment contains address (24546) not converted to a label:
; Message at 24546
WARNING: Comment contains address (24549) not converted to a label:
; Data block at 24549
WARNING: Comment contains address (24550) not converted to a label:
; Message at 24550
WARNING: Comment contains address (24553) not converted to a label:
; Data block at 24553
WARNING: Comment contains address (24554) not converted to a label:
; Message at 24554
WARNING: Comment contains address (24557) not converted to a label:
; Data block at 24557
WARNING: Comment contains address (24558) not converted to a label:
; Message at 24558
WARNING: Comment contains address (24561) not converted to a label:
; Data block at 24561
WARNING: Comment contains address (24562) not converted to a label:
; Message at 24562
WARNING: Comment contains address (24565) not converted to a label:
; Data block at 24565
WARNING: Comment contains address (24566) not converted to a label:
; Message at 24566
WARNING: Comment contains address (24569) not converted to a label:
; Data block at 24569
WARNING: Comment contains address (24570) not converted to a label:
; Message at 24570
WARNING: Comment contains address (24573) not converted to a label:
; Data block at 24573
WARNING: Comment contains address (24574) not converted to a label:
; Message at 24574
WARNING: Comment contains address (24577) not converted to a label:
; Data block at 24577
WARNING: Comment contains address (24578) not converted to a label:
; Message at 24578
WARNING: Comment contains address (24581) not converted to a label:
; Data block at 24581
WARNING: Comment contains address (24582) not converted to a label:
; Message at 24582
WARNING: Comment contains address (24585) not converted to a label:
; Data block at 24585
WARNING: Comment contains address (24586) not converted to a label:
; Message at 24586
WARNING: Comment contains address (24589) not converted to a label:
; Data block at 24589
WARNING: Comment contains address (24590) not converted to a label:
; Message at 24590
WARNING: Comment contains address (24593) not converted to a label:
; Data block at 24593
WARNING: Comment contains address (24594) not converted to a label:
; Message at 24594
WARNING: Comment contains address (24597) not converted to a label:
; Data block at 24597
WARNING: Comment contains address (24598) not converted to a label:
; Message at 24598
WARNING: Comment contains address (24601) not converted to a label:
; Data block at 24601
WARNING: Comment contains address (24602) not converted to a label:
; Message at 24602
WARNING: Comment contains address (24605) not converted to a label:
; Data block at 24605
WARNING: Comment contains address (24606) not converted to a label:
; Message at 24606
WARNING: Comment contains address (24609) not converted to a label:
; Data block at 24609
WARNING: Comment contains address (24610) not converted to a label:
; Message at 24610
WARNING: Comment contains address (24613) not converted to a label:
; Data block at 24613
WARNING: Comment contains address (24614) not converted to a label:
; Message at 24614
WARNING: Comment contains address (24617) not converted to a label:
; Data block at 24617
WARNING: Comment contains address (24618) not converted to a label:
; Message at 24618
WARNING: Comment contains address (24621) not converted to a label:
; Data block at 24621
WARNING: Comment contains address (24622) not converted to a label:
; Message at 24622
WARNING: Comment contains address (24625) not converted to a label:
; Data block at 24625
WARNING: Comment contains address (24626) not converted to a label:
; Message at 24626
WARNING: Comment contains address (24629) not converted to a label:
; Data block at 24629
WARNING: Comment contains address (24630) not converted to a label:
; Message at 24630
WARNING: Comment contains address (24633) not converted to a label:
; Data block at 24633
WARNING: Comment contains address (24634) not converted to a label:
; Message at 24634
WARNING: Comment contains address (24637) not converted to a label:
; Data block at 24637
WARNING: Comment contains address (24638) not converted to a label:
; Message at 24638
WARNING: Comment contains address (24641) not converted to a label:
; Data block at 24641
WARNING: Comment contains address (24642) not converted to a label:
; Message at 24642
WARNING: Comment contains address (24645) not converted to a label:
; Data block at 24645
WARNING: Comment contains address (24646) not converted to a label:
; Message at 24646
WARNING: Comment contains address (24650) not converted to a label:
; Data block at 24650
WARNING: Comment contains address (24651) not converted to a label:
; Message at 24651
WARNING: Comment contains address (24655) not converted to a label:
; Data block at 24655
WARNING: Comment contains address (24656) not converted to a label:
; Message at 24656
WARNING: Comment contains address (24660) not converted to a label:
; Data block at 24660
WARNING: Comment contains address (24661) not converted to a label:
; Message at 24661
WARNING: Comment contains address (24665) not converted to a label:
; Data block at 24665
WARNING: Comment contains address (24666) not converted to a label:
; Message at 24666
WARNING: Comment contains address (24670) not converted to a label:
; Data block at 24670
WARNING: Comment contains address (24671) not converted to a label:
; Message at 24671
WARNING: Comment contains address (24675) not converted to a label:
; Data block at 24675
WARNING: Comment contains address (24676) not converted to a label:
; Message at 24676
WARNING: Comment contains address (24680) not converted to a label:
; Data block at 24680
WARNING: Comment contains address (24681) not converted to a label:
; Message at 24681
WARNING: Comment contains address (24685) not converted to a label:
; Data block at 24685
WARNING: Comment contains address (24686) not converted to a label:
; Message at 24686
WARNING: Comment contains address (24690) not converted to a label:
; Data block at 24690
WARNING: Comment contains address (24691) not converted to a label:
; Message at 24691
WARNING: Comment contains address (24695) not converted to a label:
; Data block at 24695
WARNING: Comment contains address (24696) not converted to a label:
; Message at 24696
WARNING: Comment contains address (24700) not converted to a label:
; Data block at 24700
WARNING: Comment contains address (24701) not converted to a label:
; Message at 24701
WARNING: Comment contains address (24705) not converted to a label:
; Data block at 24705
WARNING: Comment contains address (24706) not converted to a label:
; Message at 24706
WARNING: Comment contains address (24710) not converted to a label:
; Data block at 24710
WARNING: Comment contains address (24711) not converted to a label:
; Message at 24711
WARNING: Comment contains address (24715) not converted to a label:
; Data block at 24715
WARNING: Comment contains address (24716) not converted to a label:
; Message at 24716
WARNING: Comment contains address (24720) not converted to a label:
; Data block at 24720
WARNING: Comment contains address (24721) not converted to a label:
; Message at 24721
WARNING: Comment contains address (24725) not converted to a label:
; Data block at 24725
WARNING: Comment contains address (24726) not converted to a label:
; Message at 24726
WARNING: Comment contains address (24730) not converted to a label:
; Data block at 24730
WARNING: Comment contains address (24731) not converted to a label:
; Message at 24731
WARNING: Comment contains address (24735) not converted to a label:
; Data block at 24735
WARNING: Comment contains address (24736) not converted to a label:
; Message at 24736
WARNING: Comment contains address (24740) not converted to a label:
; Data block at 24740
WARNING: Comment contains address (24741) not converted to a label:
; Message at 24741
WARNING: Comment contains address (24745) not converted to a label:
; Data block at 24745
WARNING: Comment contains address (24746) not converted to a label:
; Message at 24746
WARNING: Comment contains address (24750) not converted to a label:
; Data block at 24750
WARNING: Comment contains address (24751) not converted to a label:
; Message at 24751
WARNING: Comment contains address (24755) not converted to a label:
; Data block at 24755
WARNING: Comment contains address (24756) not converted to a label:
; Message at 24756
WARNING: Comment contains address (24760) not converted to a label:
; Data block at 24760
WARNING: Comment contains address (24761) not converted to a label:
; Message at 24761
WARNING: Comment contains address (24765) not converted to a label:
; Data block at 24765
WARNING: Comment contains address (24766) not converted to a label:
; Message at 24766
WARNING: Comment contains address (24770) not converted to a label:
; Data block at 24770
WARNING: Comment contains address (24771) not converted to a label:
; Message at 24771
WARNING: Comment contains address (24775) not converted to a label:
; Data block at 24775
WARNING: Comment contains address (24776) not converted to a label:
; Message at 24776
WARNING: Comment contains address (24780) not converted to a label:
; Data block at 24780
WARNING: Comment contains address (24781) not converted to a label:
; Message at 24781
WARNING: Comment contains address (24785) not converted to a label:
; Data block at 24785
WARNING: Comment contains address (24786) not converted to a label:
; Message at 24786
WARNING: Comment contains address (24790) not converted to a label:
; Data block at 24790
WARNING: Comment contains address (24791) not converted to a label:
; Message at 24791
WARNING: Comment contains address (24795) not converted to a label:
; Data block at 24795
WARNING: Comment contains address (24796) not converted to a label:
; Message at 24796
WARNING: Comment contains address (24800) not converted to a label:
; Data block at 24800
WARNING: Comment contains address (24801) not converted to a label:
; Message at 24801
WARNING: Comment contains address (24805) not converted to a label:
; Data block at 24805
WARNING: Comment contains address (24806) not converted to a label:
; Message at 24806
WARNING: Comment contains address (24810) not converted to a label:
; Data block at 24810
WARNING: Comment contains address (24811) not converted to a label:
; Message at 24811
WARNING: Comment contains address (24815) not converted to a label:
; Data block at 24815
WARNING: Comment contains address (24816) not converted to a label:
; Message at 24816
WARNING: Comment contains address (24820) not converted to a label:
; Data block at 24820
WARNING: Comment contains address (24821) not converted to a label:
; Message at 24821
WARNING: Comment contains address (24825) not converted to a label:
; Data block at 24825
WARNING: Comment contains address (24826) not converted to a label:
; Message at 24826
WARNING: Comment contains address (24830) not converted to a label:
; Data block at 24830
WARNING: Comment contains address (24831) not converted to a label:
; Message at 24831
WARNING: Comment contains address (24835) not converted to a label:
; Data block at 24835
WARNING: Comment contains address (24836) not converted to a label:
; Message at 24836
WARNING: Comment contains address (24840) not converted to a label:
; Data block at 24840
WARNING: Comment contains address (24841) not converted to a label:
; Message at 24841
WARNING: Comment contains address (24845) not converted to a label:
; Data block at 24845
WARNING: Comment contains address (24846) not converted to a label:
; Message at 24846
WARNING: Comment contains address (24850) not converted to a label:
; Data block at 24850
WARNING: Comment contains address (24851) not converted to a label:
; Message at 24851
WARNING: Comment contains address (24855) not converted to a label:
; Data block at 24855
WARNING: Comment contains address (24856) not converted to a label:
; Message at 24856
WARNING: Comment contains address (24860) not converted to a label:
; Data block at 24860
WARNING: Comment contains address (24861) not converted to a label:
; Message at 24861
WARNING: Comment contains address (24865) not converted to a label:
; Data block at 24865
WARNING: Comment contains address (24866) not converted to a label:
; Message at 24866
WARNING: Comment contains address (24870) not converted to a label:
; Data block at 24870
WARNING: Comment contains address (24871) not converted to a label:
; Message at 24871
WARNING: Comment contains address (24875) not converted to a label:
; Data block at 24875
WARNING: Comment contains address (24876) not converted to a label:
; Message at 24876
WARNING: Comment contains address (24880) not converted to a label:
; Data block at 24880
WARNING: Comment contains address (24881) not converted to a label:
; Message at 24881
WARNING: Comment contains address (24885) not converted to a label:
; Data block at 24885
WARNING: Comment contains address (24886) not converted to a label:
; Message at 24886
WARNING: Comment contains address (24890) not converted to a label:
; Data block at 24890
WARNING: Comment contains address (24891) not converted to a label:
; Message at 24891
WARNING: Comment contains address (24895) not converted to a label:
; Data block at 24895
WARNING: Comment contains address (24896) not converted to a label:
; Message at 24896
WARNING: Comment contains address (24900) not converted to a label:
; Data block at 24900
WARNING: Comment contains address (24901) not converted to a label:
; Message at 24901
WARNING: Comment contains address (24905) not converted to a label:
; Data block at 24905
WARNING: Comment contains address (24906) not converted to a label:
; Message at 24906
WARNING: Comment contains address (24910) not converted to a label:
; Data block at 24910
WARNING: Comment contains address (24911) not converted to a label:
; Message at 24911
WARNING: Comment contains address (24915) not converted to a label:
; Data block at 24915
WARNING: Comment contains address (24916) not converted to a label:
; Message at 24916
WARNING: Comment contains address (24920) not converted to a label:
; Data block at 24920
WARNING: Comment contains address (24921) not converted to a label:
; Message at 24921
WARNING: Comment contains address (24925) not converted to a label:
; Data block at 24925
WARNING: Comment contains address (24926) not converted to a label:
; Message at 24926
WARNING: Comment contains address (24930) not converted to a label:
; Data block at 24930
WARNING: Comment contains address (24931) not converted to a label:
; Message at 24931
WARNING: Comment contains address (24935) not converted to a label:
; Data block at 24935
WARNING: Comment contains address (24936) not converted to a label:
; Message at 24936
WARNING: Comment contains address (24940) not converted to a label:
; Data block at 24940
WARNING: Comment contains address (24941) not converted to a label:
; Message at 24941
WARNING: Comment contains address (24945) not converted to a label:
; Data block at 24945
WARNING: Comment contains address (24946) not converted to a label:
; Message at 24946
WARNING: Comment contains address (24950) not converted to a label:
; Data block at 24950
WARNING: Comment contains address (24951) not converted to a label:
; Message at 24951
WARNING: Comment contains address (24955) not converted to a label:
; Data block at 24955
WARNING: Comment contains address (24956) not converted to a label:
; Message at 24956
WARNING: Comment contains address (24960) not converted to a label:
; Data block at 24960
WARNING: Comment contains address (24961) not converted to a label:
; Message at 24961
WARNING: Comment contains address (24965) not converted to a label:
; Data block at 24965
WARNING: Comment contains address (24966) not converted to a label:
; Message at 24966
WARNING: Comment contains address (24970) not converted to a label:
; Data block at 24970
WARNING: Comment contains address (24971) not converted to a label:
; Message at 24971
WARNING: Comment contains address (24975) not converted to a label:
; Data block at 24975
WARNING: Comment contains address (24976) not converted to a label:
; Message at 24976
WARNING: Comment contains address (24980) not converted to a label:
; Data block at 24980
WARNING: Comment contains address (24981) not converted to a label:
; Message at 24981
WARNING: Comment contains address (24985) not converted to a label:
; Data block at 24985
WARNING: Comment contains address (24986) not converted to a label:
; Message at 24986
WARNING: Comment contains address (24990) not converted to a label:
; Data block at 24990
WARNING: Comment contains address (24991) not converted to a label:
; Message at 24991
WARNING: Comment contains address (24995) not converted to a label:
; Data block at 24995
WARNING: Comment contains address (24996) not converted to a label:
; Message at 24996
WARNING: Comment contains address (25000) not converted to a label:
; Data block at 25000
WARNING: Comment contains address (25001) not converted to a label:
; Message at 25001
WARNING: Comment contains address (25005) not converted to a label:
; Data block at 25005
WARNING: Comment contains address (25006) not converted to a label:
; Message at 25006
WARNING: Comment contains address (25010) not converted to a label:
; Data block at 25010
WARNING: Comment contains address (25011) not converted to a label:
; Message at 25011
WARNING: Comment contains address (25015) not converted to a label:
; Data block at 25015
WARNING: Comment contains address (25016) not converted to a label:
; Message at 25016
WARNING: Comment contains address (25021) not converted to a label:
; Data block at 25021
WARNING: Comment contains address (25022) not converted to a label:
; Message at 25022
WARNING: Comment contains address (25027) not converted to a label:
; Data block at 25027
WARNING: Comment contains address (25028) not converted to a label:
; Message at 25028
WARNING: Comment contains address (25033) not converted to a label:
; Data block at 25033
WARNING: Comment contains address (25034) not converted to a label:
; Message at 25034
WARNING: Comment contains address (25039) not converted to a label:
; Data block at 25039
WARNING: Comment contains address (25040) not converted to a label:
; Message at 25040
WARNING: Comment contains address (25045) not converted to a label:
; Data block at 25045
WARNING: Comment contains address (25046) not converted to a label:
; Message at 25046
WARNING: Comment contains address (25051) not converted to a label:
; Routine at 25051
WARNING: Comment contains address (25054) not converted to a label:
; Message at 25054
WARNING: Comment contains address (25057) not converted to a label:
; Data block at 25057
WARNING: Comment contains address (25058) not converted to a label:
; Message at 25058
WARNING: Comment contains address (25063) not converted to a label:
; Data block at 25063
WARNING: Comment contains address (25064) not converted to a label:
; Message at 25064
WARNING: Comment contains address (25069) not converted to a label:
; Data block at 25069
WARNING: Comment contains address (25070) not converted to a label:
; Message at 25070
WARNING: Comment contains address (25075) not converted to a label:
; Data block at 25075
WARNING: Comment contains address (25076) not converted to a label:
; Message at 25076
WARNING: Comment contains address (25081) not converted to a label:
; Data block at 25081
WARNING: Comment contains address (25082) not converted to a label:
; Message at 25082
WARNING: Comment contains address (25087) not converted to a label:
; Data block at 25087
WARNING: Comment contains address (25088) not converted to a label:
; Message at 25088
WARNING: Comment contains address (25093) not converted to a label:
; Data block at 25093
WARNING: Comment contains address (25094) not converted to a label:
; Message at 25094
WARNING: Comment contains address (25099) not converted to a label:
; Data block at 25099
WARNING: Comment contains address (25100) not converted to a label:
; Message at 25100
WARNING: Comment contains address (25105) not converted to a label:
; Data block at 25105
WARNING: Comment contains address (25106) not converted to a label:
; Message at 25106
WARNING: Comment contains address (25111) not converted to a label:
; Data block at 25111
WARNING: Comment contains address (25112) not converted to a label:
; Message at 25112
WARNING: Comment contains address (25117) not converted to a label:
; Data block at 25117
WARNING: Comment contains address (25118) not converted to a label:
; Message at 25118
WARNING: Comment contains address (25123) not converted to a label:
; Data block at 25123
WARNING: Comment contains address (25124) not converted to a label:
; Message at 25124
WARNING: Comment contains address (25129) not converted to a label:
; Data block at 25129
WARNING: Comment contains address (25130) not converted to a label:
; Message at 25130
WARNING: Comment contains address (25135) not converted to a label:
; Data block at 25135
WARNING: Comment contains address (25136) not converted to a label:
; Message at 25136
WARNING: Comment contains address (25141) not converted to a label:
; Data block at 25141
WARNING: Comment contains address (25142) not converted to a label:
; Message at 25142
WARNING: Comment contains address (25147) not converted to a label:
; Data block at 25147
WARNING: Comment contains address (25148) not converted to a label:
; Message at 25148
WARNING: Comment contains address (25153) not converted to a label:
; Data block at 25153
WARNING: Comment contains address (25154) not converted to a label:
; Message at 25154
WARNING: Comment contains address (25159) not converted to a label:
; Data block at 25159
WARNING: Comment contains address (25160) not converted to a label:
; Message at 25160
WARNING: Comment contains address (25165) not converted to a label:
; Data block at 25165
WARNING: Comment contains address (25166) not converted to a label:
; Message at 25166
WARNING: Comment contains address (25171) not converted to a label:
; Data block at 25171
WARNING: Comment contains address (25172) not converted to a label:
; Message at 25172
WARNING: Comment contains address (25177) not converted to a label:
; Data block at 25177
WARNING: Comment contains address (25178) not converted to a label:
; Message at 25178
WARNING: Comment contains address (25183) not converted to a label:
; Data block at 25183
WARNING: Comment contains address (25184) not converted to a label:
; Message at 25184
WARNING: Comment contains address (25189) not converted to a label:
; Data block at 25189
WARNING: Comment contains address (25190) not converted to a label:
; Message at 25190
WARNING: Comment contains address (25195) not converted to a label:
; Data block at 25195
WARNING: Comment contains address (25196) not converted to a label:
; Message at 25196
WARNING: Comment contains address (25201) not converted to a label:
; Data block at 25201
WARNING: Comment contains address (25202) not converted to a label:
; Message at 25202
WARNING: Comment contains address (25207) not converted to a label:
; Routine at 25207
WARNING: Comment contains address (25210) not converted to a label:
; Message at 25210
WARNING: Comment contains address (25213) not converted to a label:
; Data block at 25213
WARNING: Comment contains address (25214) not converted to a label:
; Message at 25214
WARNING: Comment contains address (25219) not converted to a label:
; Data block at 25219
WARNING: Comment contains address (25220) not converted to a label:
; Message at 25220
WARNING: Comment contains address (25225) not converted to a label:
; Data block at 25225
WARNING: Comment contains address (25226) not converted to a label:
; Message at 25226
WARNING: Comment contains address (25231) not converted to a label:
; Data block at 25231
WARNING: Comment contains address (25232) not converted to a label:
; Message at 25232
WARNING: Comment contains address (25237) not converted to a label:
; Data block at 25237
WARNING: Comment contains address (25238) not converted to a label:
; Message at 25238
WARNING: Comment contains address (25243) not converted to a label:
; Data block at 25243
WARNING: Comment contains address (25244) not converted to a label:
; Message at 25244
WARNING: Comment contains address (25249) not converted to a label:
; Data block at 25249
WARNING: Comment contains address (25250) not converted to a label:
; Message at 25250
WARNING: Comment contains address (25255) not converted to a label:
; Data block at 25255
WARNING: Comment contains address (25256) not converted to a label:
; Message at 25256
WARNING: Comment contains address (25261) not converted to a label:
; Data block at 25261
WARNING: Comment contains address (25262) not converted to a label:
; Message at 25262
WARNING: Comment contains address (25267) not converted to a label:
; Data block at 25267
WARNING: Comment contains address (25268) not converted to a label:
; Message at 25268
WARNING: Comment contains address (25273) not converted to a label:
; Data block at 25273
WARNING: Comment contains address (25274) not converted to a label:
; Message at 25274
WARNING: Comment contains address (25279) not converted to a label:
; Data block at 25279
WARNING: Comment contains address (25280) not converted to a label:
; Message at 25280
WARNING: Comment contains address (25285) not converted to a label:
; Data block at 25285
WARNING: Comment contains address (25286) not converted to a label:
; Message at 25286
WARNING: Comment contains address (25291) not converted to a label:
; Data block at 25291
WARNING: Comment contains address (25292) not converted to a label:
; Message at 25292
WARNING: Comment contains address (25297) not converted to a label:
; Data block at 25297
WARNING: Comment contains address (25298) not converted to a label:
; Message at 25298
WARNING: Comment contains address (25303) not converted to a label:
; Data block at 25303
WARNING: Comment contains address (25304) not converted to a label:
; Message at 25304
WARNING: Comment contains address (25309) not converted to a label:
; Data block at 25309
WARNING: Comment contains address (25310) not converted to a label:
; Message at 25310
WARNING: Comment contains address (25315) not converted to a label:
; Data block at 25315
WARNING: Comment contains address (25316) not converted to a label:
; Message at 25316
WARNING: Comment contains address (25321) not converted to a label:
; Data block at 25321
WARNING: Comment contains address (25322) not converted to a label:
; Message at 25322
WARNING: Comment contains address (25327) not converted to a label:
; Data block at 25327
WARNING: Comment contains address (25328) not converted to a label:
; Message at 25328
WARNING: Comment contains address (25333) not converted to a label:
; Data block at 25333
WARNING: Comment contains address (25334) not converted to a label:
; Message at 25334
WARNING: Comment contains address (25339) not converted to a label:
; Data block at 25339
WARNING: Comment contains address (25340) not converted to a label:
; Message at 25340
WARNING: Comment contains address (25345) not converted to a label:
; Data block at 25345
WARNING: Comment contains address (25346) not converted to a label:
; Message at 25346
WARNING: Comment contains address (25351) not converted to a label:
; Data block at 25351
WARNING: Comment contains address (25352) not converted to a label:
; Message at 25352
WARNING: Comment contains address (25357) not converted to a label:
; Routine at 25357
WARNING: Comment contains address (25360) not converted to a label:
; Message at 25360
WARNING: Comment contains address (25363) not converted to a label:
; Data block at 25363
WARNING: Comment contains address (25364) not converted to a label:
; Message at 25364
WARNING: Comment contains address (25369) not converted to a label:
; Data block at 25369
WARNING: Comment contains address (25370) not converted to a label:
; Message at 25370
WARNING: Comment contains address (25375) not converted to a label:
; Data block at 25375
WARNING: Comment contains address (25376) not converted to a label:
; Message at 25376
WARNING: Comment contains address (25381) not converted to a label:
; Data block at 25381
WARNING: Comment contains address (25382) not converted to a label:
; Message at 25382
WARNING: Comment contains address (25387) not converted to a label:
; Data block at 25387
WARNING: Comment contains address (25388) not converted to a label:
; Message at 25388
WARNING: Comment contains address (25394) not converted to a label:
; Data block at 25394
WARNING: Comment contains address (25395) not converted to a label:
; Message at 25395
WARNING: Comment contains address (25401) not converted to a label:
; Data block at 25401
WARNING: Comment contains address (25402) not converted to a label:
; Message at 25402
WARNING: Comment contains address (25408) not converted to a label:
; Data block at 25408
WARNING: Comment contains address (25409) not converted to a label:
; Message at 25409
WARNING: Comment contains address (25415) not converted to a label:
; Data block at 25415
WARNING: Comment contains address (25416) not converted to a label:
; Message at 25416
WARNING: Comment contains address (25422) not converted to a label:
; Data block at 25422
WARNING: Comment contains address (25423) not converted to a label:
; Message at 25423
WARNING: Comment contains address (25429) not converted to a label:
; Data block at 25429
WARNING: Comment contains address (25430) not converted to a label:
; Message at 25430
WARNING: Comment contains address (25436) not converted to a label:
; Data block at 25436
WARNING: Comment contains address (25437) not converted to a label:
; Message at 25437
WARNING: Comment contains address (25443) not converted to a label:
; Data block at 25443
WARNING: Comment contains address (25444) not converted to a label:
; Message at 25444
WARNING: Comment contains address (25450) not converted to a label:
; Data block at 25450
WARNING: Comment contains address (25451) not converted to a label:
; Message at 25451
WARNING: Comment contains address (25457) not converted to a label:
; Data block at 25457
WARNING: Comment contains address (25458) not converted to a label:
; Message at 25458
WARNING: Comment contains address (25464) not converted to a label:
; Data block at 25464
WARNING: Comment contains address (25465) not converted to a label:
; Message at 25465
WARNING: Comment contains address (25471) not converted to a label:
; Data block at 25471
WARNING: Comment contains address (25472) not converted to a label:
; Message at 25472
WARNING: Comment contains address (25478) not converted to a label:
; Data block at 25478
WARNING: Comment contains address (25479) not converted to a label:
; Message at 25479
WARNING: Comment contains address (25485) not converted to a label:
; Data block at 25485
WARNING: Comment contains address (25486) not converted to a label:
; Message at 25486
WARNING: Comment contains address (25492) not converted to a label:
; Data block at 25492
WARNING: Comment contains address (25493) not converted to a label:
; Message at 25493
WARNING: Comment contains address (25499) not converted to a label:
; Data block at 25499
WARNING: Comment contains address (25500) not converted to a label:
; Message at 25500
WARNING: Comment contains address (25506) not converted to a label:
; Data block at 25506
WARNING: Comment contains address (25507) not converted to a label:
; Message at 25507
WARNING: Comment contains address (25513) not converted to a label:
; Data block at 25513
WARNING: Comment contains address (25514) not converted to a label:
; Message at 25514
WARNING: Comment contains address (25520) not converted to a label:
; Data block at 25520
WARNING: Comment contains address (25521) not converted to a label:
; Message at 25521
WARNING: Comment contains address (25527) not converted to a label:
; Data block at 25527
WARNING: Comment contains address (25528) not converted to a label:
; Message at 25528
WARNING: Comment contains address (25534) not converted to a label:
; Data block at 25534
WARNING: Comment contains address (25535) not converted to a label:
; Message at 25535
WARNING: Comment contains address (25541) not converted to a label:
; Data block at 25541
WARNING: Comment contains address (25542) not converted to a label:
; Message at 25542
WARNING: Comment contains address (25548) not converted to a label:
; Data block at 25548
WARNING: Comment contains address (25549) not converted to a label:
; Message at 25549
WARNING: Comment contains address (25555) not converted to a label:
; Data block at 25555
WARNING: Comment contains address (25556) not converted to a label:
; Message at 25556
WARNING: Comment contains address (25562) not converted to a label:
; Data block at 25562
WARNING: Comment contains address (25563) not converted to a label:
; Message at 25563
WARNING: Comment contains address (25569) not converted to a label:
; Data block at 25569
WARNING: Comment contains address (25570) not converted to a label:
; Message at 25570
WARNING: Comment contains address (25576) not converted to a label:
; Data block at 25576
WARNING: Comment contains address (25577) not converted to a label:
; Message at 25577
WARNING: Comment contains address (25583) not converted to a label:
; Data block at 25583
WARNING: Comment contains address (25584) not converted to a label:
; Message at 25584
WARNING: Comment contains address (25590) not converted to a label:
; Data block at 25590
WARNING: Comment contains address (25591) not converted to a label:
; Message at 25591
WARNING: Comment contains address (25597) not converted to a label:
; Data block at 25597
WARNING: Comment contains address (25598) not converted to a label:
; Message at 25598
WARNING: Comment contains address (25604) not converted to a label:
; Data block at 25604
WARNING: Comment contains address (25605) not converted to a label:
; Message at 25605
WARNING: Comment contains address (25611) not converted to a label:
; Data block at 25611
WARNING: Comment contains address (25612) not converted to a label:
; Message at 25612
WARNING: Comment contains address (25618) not converted to a label:
; Data block at 25618
WARNING: Comment contains address (25619) not converted to a label:
; Message at 25619
WARNING: Comment contains address (25625) not converted to a label:
; Routine at 25625
WARNING: Comment contains address (25628) not converted to a label:
; Message at 25628
WARNING: Comment contains address (25632) not converted to a label:
; Data block at 25632
WARNING: Comment contains address (25633) not converted to a label:
; Message at 25633
WARNING: Comment contains address (25639) not converted to a label:
; Data block at 25639
WARNING: Comment contains address (25640) not converted to a label:
; Message at 25640
WARNING: Comment contains address (25647) not converted to a label:
; Data block at 25647
WARNING: Comment contains address (25648) not converted to a label:
; Message at 25648
WARNING: Comment contains address (25655) not converted to a label:
; Data block at 25655
WARNING: Comment contains address (25656) not converted to a label:
; Message at 25656
WARNING: Comment contains address (25663) not converted to a label:
; Data block at 25663
WARNING: Comment contains address (25664) not converted to a label:
; Message at 25664
WARNING: Comment contains address (25671) not converted to a label:
; Data block at 25671
WARNING: Comment contains address (25672) not converted to a label:
; Message at 25672
WARNING: Comment contains address (25679) not converted to a label:
; Data block at 25679
WARNING: Comment contains address (25680) not converted to a label:
; Message at 25680
WARNING: Comment contains address (25687) not converted to a label:
; Data block at 25687
WARNING: Comment contains address (25688) not converted to a label:
; Message at 25688
WARNING: Comment contains address (25695) not converted to a label:
; Data block at 25695
WARNING: Comment contains address (25696) not converted to a label:
; Message at 25696
WARNING: Comment contains address (25703) not converted to a label:
; Data block at 25703
WARNING: Comment contains address (25704) not converted to a label:
; Message at 25704
WARNING: Comment contains address (25711) not converted to a label:
; Data block at 25711
WARNING: Comment contains address (25712) not converted to a label:
; Message at 25712
WARNING: Comment contains address (25719) not converted to a label:
; Data block at 25719
WARNING: Comment contains address (25720) not converted to a label:
; Message at 25720
WARNING: Comment contains address (25727) not converted to a label:
; Data block at 25727
WARNING: Comment contains address (25728) not converted to a label:
; Message at 25728
WARNING: Comment contains address (25735) not converted to a label:
; Data block at 25735
WARNING: Comment contains address (25736) not converted to a label:
; Message at 25736
WARNING: Comment contains address (25743) not converted to a label:
; Data block at 25743
WARNING: Comment contains address (25744) not converted to a label:
; Message at 25744
WARNING: Comment contains address (25751) not converted to a label:
; Data block at 25751
WARNING: Comment contains address (25752) not converted to a label:
; Message at 25752
WARNING: Comment contains address (25759) not converted to a label:
; Data block at 25759
WARNING: Comment contains address (25760) not converted to a label:
; Message at 25760
WARNING: Comment contains address (25767) not converted to a label:
; Data block at 25767
WARNING: Comment contains address (25768) not converted to a label:
; Message at 25768
WARNING: Comment contains address (25775) not converted to a label:
; Data block at 25775
WARNING: Comment contains address (25776) not converted to a label:
; Message at 25776
WARNING: Comment contains address (25783) not converted to a label:
; Data block at 25783
WARNING: Comment contains address (25784) not converted to a label:
; Message at 25784
WARNING: Comment contains address (25791) not converted to a label:
; Data block at 25791
WARNING: Comment contains address (25792) not converted to a label:
; Message at 25792
WARNING: Comment contains address (25799) not converted to a label:
; Data block at 25799
WARNING: Comment contains address (25800) not converted to a label:
; Message at 25800
WARNING: Comment contains address (25807) not converted to a label:
; Data block at 25807
WARNING: Comment contains address (25808) not converted to a label:
; Message at 25808
WARNING: Comment contains address (25815) not converted to a label:
; Data block at 25815
WARNING: Comment contains address (25816) not converted to a label:
; Message at 25816
WARNING: Comment contains address (25824) not converted to a label:
; Data block at 25824
WARNING: Comment contains address (25825) not converted to a label:
; Message at 25825
WARNING: Comment contains address (25833) not converted to a label:
; Data block at 25833
WARNING: Comment contains address (25834) not converted to a label:
; Message at 25834
WARNING: Comment contains address (25842) not converted to a label:
; Data block at 25842
WARNING: Comment contains address (25843) not converted to a label:
; Message at 25843
WARNING: Comment contains address (25851) not converted to a label:
; Data block at 25851
WARNING: Comment contains address (25852) not converted to a label:
; Message at 25852
WARNING: Comment contains address (25860) not converted to a label:
; Data block at 25860
WARNING: Comment contains address (25861) not converted to a label:
; Message at 25861
WARNING: Comment contains address (25869) not converted to a label:
; Data block at 25869
WARNING: Comment contains address (25870) not converted to a label:
; Message at 25870
WARNING: Comment contains address (25878) not converted to a label:
; Data block at 25878
WARNING: Comment contains address (25879) not converted to a label:
; Message at 25879
WARNING: Comment contains address (25887) not converted to a label:
; Data block at 25887
WARNING: Comment contains address (25888) not converted to a label:
; Message at 25888
WARNING: Comment contains address (25896) not converted to a label:
; Data block at 25896
WARNING: Comment contains address (25897) not converted to a label:
; Message at 25897
WARNING: Comment contains address (25905) not converted to a label:
; Data block at 25905
WARNING: Comment contains address (25906) not converted to a label:
; Message at 25906
WARNING: Comment contains address (25914) not converted to a label:
; Data block at 25914
WARNING: Comment contains address (25915) not converted to a label:
; Message at 25915
WARNING: Comment contains address (25923) not converted to a label:
; Data block at 25923
WARNING: Comment contains address (25924) not converted to a label:
; Message at 25924
WARNING: Comment contains address (25932) not converted to a label:
; Data block at 25932
WARNING: Comment contains address (25933) not converted to a label:
; Message at 25933
WARNING: Comment contains address (25942) not converted to a label:
; Data block at 25942
WARNING: Comment contains address (25943) not converted to a label:
; Message at 25943
WARNING: Comment contains address (25952) not converted to a label:
; Data block at 25952
WARNING: Comment contains address (25953) not converted to a label:
; Message at 25953
WARNING: Comment contains address (25962) not converted to a label:
; Data block at 25962
WARNING: Comment contains address (25963) not converted to a label:
; Message at 25963
WARNING: Comment contains address (25972) not converted to a label:
; Data block at 25972
WARNING: Comment contains address (25973) not converted to a label:
; Message at 25973
WARNING: Comment contains address (25982) not converted to a label:
; Data block at 25982
WARNING: Comment contains address (25983) not converted to a label:
; Message at 25983
WARNING: Comment contains address (25992) not converted to a label:
; Data block at 25992
WARNING: Comment contains address (25993) not converted to a label:
; Message at 25993
WARNING: Comment contains address (26002) not converted to a label:
; Data block at 26002
WARNING: Comment contains address (26003) not converted to a label:
; Message at 26003
WARNING: Comment contains address (26012) not converted to a label:
; Data block at 26012
WARNING: Comment contains address (26013) not converted to a label:
; Message at 26013
WARNING: Comment contains address (26022) not converted to a label:
; Data block at 26022
WARNING: Comment contains address (26023) not converted to a label:
; Message at 26023
WARNING: Comment contains address (26032) not converted to a label:
; Data block at 26032
WARNING: Comment contains address (26033) not converted to a label:
; Message at 26033
WARNING: Comment contains address (26042) not converted to a label:
; Data block at 26042
WARNING: Comment contains address (26043) not converted to a label:
; Message at 26043
WARNING: Comment contains address (26053) not converted to a label:
; Data block at 26053
WARNING: Comment contains address (26054) not converted to a label:
; Message at 26054
WARNING: Comment contains address (26064) not converted to a label:
; Data block at 26064
WARNING: Comment contains address (26065) not converted to a label:
; Message at 26065
WARNING: Comment contains address (26075) not converted to a label:
; Data block at 26075
WARNING: Comment contains address (26076) not converted to a label:
; Message at 26076
WARNING: Comment contains address (26087) not converted to a label:
; Data block at 26087
WARNING: Comment contains address (26088) not converted to a label:
; Message at 26088
WARNING: Comment contains address (26100) not converted to a label:
; Data block at 26100
WARNING: Comment contains address (26101) not converted to a label:
; Message at 26101
WARNING: Comment contains address (26113) not converted to a label:
; Data block at 26113
WARNING: Comment contains address (26114) not converted to a label:
; Message at 26114
WARNING: Comment contains address (26127) not converted to a label:
; Data block at 26127
WARNING: Comment contains address (26128) not converted to a label:
; Message at 26128
WARNING: Comment contains address (26135) not converted to a label:
; Routine at 26135
WARNING: Comment contains address (26142) not converted to a label:
; Routine at 26142
WARNING: Comment contains address (26171) not converted to a label:
; Data block at 26171
WARNING: Could not convert address 26142 to label
WARNING: Comment contains address (26142) not converted to a label:
; Used by the routine at 26142.
WARNING: Comment contains address (26241) not converted to a label:
; Routine at 26241
WARNING: Comment contains address (26255) not converted to a label:
; Data block at 26255
WARNING: Could not convert address 26241 to label
WARNING: Comment contains address (26241) not converted to a label:
; Used by the routine at 26241.
WARNING: Comment contains address (26393) not converted to a label:
; Message at 26393
WARNING: Comment contains address (26396) not converted to a label:
; Data block at 26396
WARNING: Comment contains address (26499) not converted to a label:
; Routine at 26499
WARNING: Comment contains address (26508) not converted to a label:
; Routine at 26508
WARNING: Comment contains address (26620) not converted to a label:
; Routine at 26620
WARNING: Could not convert address 26508 to label
WARNING: Comment contains address (26508) not converted to a label:
; Used by the routine at 26508.
WARNING: Comment contains address (26695) not converted to a label:
; Data block at 26695
WARNING: Could not convert address 26620 to label
WARNING: Comment contains address (26620) not converted to a label:
; Used by the routine at 26620.
WARNING: Comment contains address (26793) not converted to a label:
; Message at 26793
WARNING: Comment contains address (26796) not converted to a label:
; Data block at 26796
WARNING: Comment contains address (26806) not converted to a label:
; Routine at 26806
WARNING: Comment contains address (26810) not converted to a label:
; Data block at 26810
WARNING: Comment contains address (26814) not converted to a label:
; Message at 26814
WARNING: Comment contains address (26827) not converted to a label:
; Data block at 26827
WARNING: Comment contains address (27248) not converted to a label:
; Routine at 27248
WARNING: Comment contains address (27388) not converted to a label:
; Routine at 27388
WARNING: Could not convert address 27248 to label
WARNING: Comment above 27393 contains address (27248) not converted to a label:
; This entry point is used by the routine at 27248.
WARNING: Could not convert address 29669 to label
WARNING: Comment above 27395 contains address (29669) not converted to a label:
; This entry point is used by the routine at 29669.
WARNING: Comment contains address (27411) not converted to a label:
; Routine at 27411
WARNING: Could not convert address 27388 to label
WARNING: Comment contains address (27388) not converted to a label:
; Used by the routine at 27388.
WARNING: Comment contains address (27441) not converted to a label:
; Data block at 27441
WARNING: Comment contains address (27666) not converted to a label:
; Routine at 27666
WARNING: Comment contains address (27699) not converted to a label:
; Data block at 27699
WARNING: Comment contains address (28511) not converted to a label:
; Routine at 28511
WARNING: Comment contains address (28592) not converted to a label:
; Data block at 28592
WARNING: Could not convert address 28511 to label
WARNING: Comment contains address (28511) not converted to a label:
; Used by the routine at 28511.
WARNING: Comment contains address (28698) not converted to a label:
; Message at 28698
WARNING: Comment contains address (28701) not converted to a label:
; Data block at 28701
WARNING: Comment contains address (28802) not converted to a label:
; Message at 28802
WARNING: Comment contains address (28805) not converted to a label:
; Data block at 28805
WARNING: Comment contains address (28923) not converted to a label:
; Message at 28923
WARNING: Comment contains address (28926) not converted to a label:
; Data block at 28926
WARNING: Comment contains address (28955) not converted to a label:
; Message at 28955
WARNING: Comment contains address (28958) not converted to a label:
; Data block at 28958
WARNING: Comment contains address (28961) not converted to a label:
; Message at 28961
WARNING: Comment contains address (28965) not converted to a label:
; Data block at 28965
WARNING: Comment contains address (29037) not converted to a label:
; Message at 29037
WARNING: Comment contains address (29040) not converted to a label:
; Data block at 29040
WARNING: Comment contains address (29041) not converted to a label:
; Message at 29041
WARNING: Comment contains address (29044) not converted to a label:
; Data block at 29044
WARNING: Comment contains address (29049) not converted to a label:
; Message at 29049
WARNING: Comment contains address (29053) not converted to a label:
; Data block at 29053
WARNING: Comment contains address (29065) not converted to a label:
; Message at 29065
WARNING: Comment contains address (29069) not converted to a label:
; Routine at 29069
WARNING: Comment contains address (29075) not converted to a label:
; Data block at 29075
WARNING: Comment contains address (29093) not converted to a label:
; Message at 29093
WARNING: Comment contains address (29097) not converted to a label:
; Routine at 29097
WARNING: Could not convert address 29069 to label
WARNING: Comment above 29109 contains address (29069) not converted to a label:
; This entry point is used by the routine at 29069.
WARNING: Comment contains address (29225) not converted to a label:
; Data block at 29225
WARNING: Comment contains address (29275) not converted to a label:
; Message at 29275
WARNING: Comment contains address (29278) not converted to a label:
; Data block at 29278
WARNING: Comment contains address (29335) not converted to a label:
; Message at 29335
WARNING: Comment contains address (29338) not converted to a label:
; Data block at 29338
WARNING: Comment contains address (29352) not converted to a label:
; Message at 29352
WARNING: Comment contains address (29355) not converted to a label:
; Data block at 29355
WARNING: Comment contains address (29364) not converted to a label:
; Message at 29364
WARNING: Comment contains address (29367) not converted to a label:
; Data block at 29367
WARNING: Comment contains address (29368) not converted to a label:
; Message at 29368
WARNING: Comment contains address (29371) not converted to a label:
; Data block at 29371
WARNING: Comment contains address (29475) not converted to a label:
; Routine at 29475
WARNING: Comment contains address (29532) not converted to a label:
; Routine at 29532
WARNING: Could not convert address 29475 to label
WARNING: Comment above 29553 contains address (29475) not converted to a label:
; This entry point is used by the routine at 29475.
WARNING: Could not convert address 29669 to label
WARNING: Comment above 29563 contains address (29669) not converted to a label:
; This entry point is used by the routine at 29669.
WARNING: Could not convert address 29669 to label
WARNING: Comment above 29586 contains address (29669) not converted to a label:
; This entry point is used by the routine at 29669.
WARNING: Could not convert address 29475 to label
WARNING: Comment above 29605 contains address (29475) not converted to a label:
; This entry point is used by the routine at 29475.
WARNING: Could not convert address 29669 to label
WARNING: Comment above 29622 contains address (29669) not converted to a label:
; This entry point is used by the routine at 29669.
WARNING: Could not convert address 29475 to label
WARNING: Comment above 29639 contains address (29475) not converted to a label:
; This entry point is used by the routine at 29475.
WARNING: Could not convert address 29669 to label
WARNING: Comment above 29667 contains address (29669) not converted to a label:
; This entry point is used by the routine at 29669.
WARNING: Comment contains address (29669) not converted to a label:
; Routine at 29669
WARNING: Could not convert address 29532 to label
WARNING: Comment above 29686 contains address (29532) not converted to a label:
; This entry point is used by the routine at 29532.
WARNING: Could not convert address 29532 to label
WARNING: Comment above 29745 contains address (29532) not converted to a label:
; This entry point is used by the routine at 29532.
WARNING: Comment contains address (29804) not converted to a label:
; Data block at 29804
WARNING: Comment contains address (29816) not converted to a label:
; Message at 29816
WARNING: Comment contains address (29819) not converted to a label:
; Data block at 29819
WARNING: Could not convert address 29669 to label
WARNING: Comment contains address (29669) not converted to a label:
; Used by the routine at 29669.
WARNING: Comment contains address (29862) not converted to a label:
; Message at 29862
WARNING: Comment contains address (29866) not converted to a label:
; Data block at 29866
WARNING: Comment contains address (29928) not converted to a label:
; Message at 29928
WARNING: Comment contains address (29931) not converted to a label:
; Data block at 29931
WARNING: Comment contains address (29949) not converted to a label:
; Routine at 29949
WARNING: Could not convert address 50674 to label
WARNING: Comment above 29960 contains address (50674) not converted to a label:
; This entry point is used by the routine at 50674.
WARNING: Could not convert address 41601 to label
WARNING: Comment above 30015 contains address (41601) not converted to a label:
; This entry point is used by the routine at 41601.
WARNING: Comment contains address (30016) not converted to a label:
; Routine at 30016
WARNING: Could not convert address 30107 to label
WARNING: Comment contains address (30107) not converted to a label:
; Used by the routine at 30107.
WARNING: Could not convert address 29949 to label
WARNING: Comment above 30019 contains address (29949) not converted to a label:
; This entry point is used by the routine at 29949.
WARNING: Comment contains address (30107) not converted to a label:
; Routine at 30107
WARNING: Could not convert address 31023 to label
WARNING: Comment contains address (31023) not converted to a label:
; Used by the routine at 31023.
WARNING: Comment contains address (30160) not converted to a label:
; Routine at 30160
WARNING: Could not convert address 30180 to label
WARNING: Comment contains address (30180) not converted to a label:
; Used by the routine at 30180.
WARNING: Comment contains address (30180) not converted to a label:
; Routine at 30180
WARNING: Could not convert address 31023 to label
WARNING: Could not convert address 32904 to label
WARNING: Comment contains addresses (31023, 32904) not converted to labels:
; Used by the routines at 31023 and 32904.
WARNING: Comment contains address (30205) not converted to a label:
; Routine at 30205
WARNING: Comment contains address (30206) not converted to a label:
; Routine at 30206
WARNING: Comment contains address (30216) not converted to a label:
; Data block at 30216
WARNING: Comment contains address (30335) not converted to a label:
; Message at 30335
WARNING: Comment contains address (30341) not converted to a label:
; Data block at 30341
WARNING: Comment contains address (30342) not converted to a label:
; Message at 30342
WARNING: Comment contains address (30354) not converted to a label:
; Routine at 30354
WARNING: Could not convert address 31023 to label
WARNING: Comment above 30361 contains address (31023) not converted to a label:
; This entry point is used by the routine at 31023.
WARNING: Comment contains address (30383) not converted to a label:
; Routine at 30383
WARNING: Could not convert address 33626 to label
WARNING: Comment contains address (33626) not converted to a label:
; Used by the routine at 33626.
WARNING: Comment contains address (30400) not converted to a label:
; Routine at 30400
WARNING: Could not convert address 30601 to label
WARNING: Could not convert address 30695 to label
WARNING: Could not convert address 30774 to label
WARNING: Comment contains addresses (30601, 30695, 30774) not converted to labels:
; Used by the routines at 30601, 30695 and 30774.
WARNING: Could not convert address 33889 to label
WARNING: Comment above 30411 contains address (33889) not converted to a label:
; This entry point is used by the routine at 33889.
WARNING: Comment contains address (30422) not converted to a label:
; Routine at 30422
WARNING: Could not convert address 30601 to label
WARNING: Could not convert address 30680 to label
WARNING: Could not convert address 30695 to label
WARNING: Could not convert address 30748 to label
WARNING: Could not convert address 30774 to label
WARNING: Comment contains addresses (30601, 30680, 30695, 30748, 30774) not converted to labels:
; Used by the routines at 30601, 30680, 30695, 30748 and 30774.
WARNING: Comment contains address (30437) not converted to a label:
; Routine at 30437
WARNING: Could not convert address 30440 to label
WARNING: Comment contains address (30440) not converted to a label:
; Used by the routine at 30440.
WARNING: Comment contains address (30440) not converted to a label:
; Routine at 30440
WARNING: Could not convert address 31023 to label
WARNING: Comment contains address (31023) not converted to a label:
; Used by the routine at 31023.
WARNING: Could not convert address 30496 to label
WARNING: Comment above 30491 contains address (30496) not converted to a label:
; This entry point is used by the routine at 30496.
WARNING: Comment contains address (30496) not converted to a label:
; Routine at 30496
WARNING: Could not convert address 30440 to label
WARNING: Comment contains address (30440) not converted to a label:
; Used by the routine at 30440.
WARNING: Comment contains address (30538) not converted to a label:
; Routine at 30538
WARNING: Could not convert address 30437 to label
WARNING: Could not convert address 30680 to label
WARNING: Could not convert address 30748 to label
WARNING: Comment contains addresses (30437, 30680, 30748) not converted to labels:
; Used by the routines at 30437, 30680 and 30748.
WARNING: Comment contains address (30601) not converted to a label:
; Routine at 30601
WARNING: Could not convert address 30538 to label
WARNING: Comment contains address (30538) not converted to a label:
; Used by the routine at 30538.
WARNING: Could not convert address 30538 to label
WARNING: Could not convert address 30695 to label
WARNING: Comment above 30612 contains addresses (30538, 30695) not converted to labels:
; This entry point is used by the routines at 30538 and 30695.
WARNING: Could not convert address 30695 to label
WARNING: Could not convert address 30974 to label
WARNING: Comment above 30662 contains addresses (30695, 30974) not converted to labels:
; This entry point is used by the routines at 30695 and 30974.
WARNING: Could not convert address 30538 to label
WARNING: Could not convert address 30680 to label
WARNING: Comment above 30670 contains addresses (30538, 30680) not converted to labels:
; This entry point is used by the routines at 30538 and 30680.
WARNING: Comment contains address (30680) not converted to a label:
; Routine at 30680
WARNING: Could not convert address 30601 to label
WARNING: Comment contains address (30601) not converted to a label:
; Used by the routine at 30601.
WARNING: Could not convert address 30601 to label
WARNING: Comment above 30682 contains address (30601) not converted to a label:
; This entry point is used by the routine at 30601.
WARNING: Comment contains address (30695) not converted to a label:
; Routine at 30695
WARNING: Could not convert address 30601 to label
WARNING: Comment contains address (30601) not converted to a label:
; Used by the routine at 30601.
WARNING: Comment contains address (30748) not converted to a label:
; Routine at 30748
WARNING: Could not convert address 30538 to label
WARNING: Comment contains address (30538) not converted to a label:
; Used by the routine at 30538.
WARNING: Could not convert address 30538 to label
WARNING: Comment above 30765 contains address (30538) not converted to a label:
; This entry point is used by the routine at 30538.
WARNING: Comment contains address (30774) not converted to a label:
; Routine at 30774
WARNING: Could not convert address 30601 to label
WARNING: Comment contains address (30601) not converted to a label:
; Used by the routine at 30601.
WARNING: Could not convert address 30974 to label
WARNING: Comment above 30788 contains address (30974) not converted to a label:
; This entry point is used by the routine at 30974.
WARNING: Comment contains address (30888) not converted to a label:
; Routine at 30888
WARNING: Could not convert address 30774 to label
WARNING: Comment contains address (30774) not converted to a label:
; Used by the routine at 30774.
WARNING: Could not convert address 44023 to label
WARNING: Comment above 30891 contains address (44023) not converted to a label:
; This entry point is used by the routine at 44023.
WARNING: Comment contains address (30912) not converted to a label:
; Routine at 30912
WARNING: Could not convert address 30888 to label
WARNING: Comment contains address (30888) not converted to a label:
; Used by the routine at 30888.
WARNING: Could not convert address 30965 to label
WARNING: Comment above 30944 contains address (30965) not converted to a label:
; This entry point is used by the routine at 30965.
WARNING: Comment contains address (30965) not converted to a label:
; Routine at 30965
WARNING: Could not convert address 30912 to label
WARNING: Comment contains address (30912) not converted to a label:
; Used by the routine at 30912.
WARNING: Could not convert address 30774 to label
WARNING: Could not convert address 30912 to label
WARNING: Could not convert address 30974 to label
WARNING: Comment above 30970 contains addresses (30774, 30912, 30974) not converted to labels:
; This entry point is used by the routines at 30774, 30912 and 30974.
WARNING: Comment contains address (30974) not converted to a label:
; Routine at 30974
WARNING: Could not convert address 30912 to label
WARNING: Comment contains address (30912) not converted to a label:
; Used by the routine at 30912.
WARNING: Could not convert address 30965 to label
WARNING: Comment above 30978 contains address (30965) not converted to a label:
; This entry point is used by the routine at 30965.
WARNING: Comment contains address (31023) not converted to a label:
; Routine at 31023
WARNING: Could not convert address 46683 to label
WARNING: Comment contains address (46683) not converted to a label:
; Used by the routine at 46683.
WARNING: Comment contains address (31148) not converted to a label:
; Routine at 31148
WARNING: Could not convert address 31177 to label
WARNING: Could not convert address 37661 to label
WARNING: Comment contains addresses (31177, 37661) not converted to labels:
; Used by the routines at 31177 and 37661.
WARNING: Comment contains address (31177) not converted to a label:
; Routine at 31177
WARNING: Could not convert address 32904 to label
WARNING: Comment contains address (32904) not converted to a label:
; Used by the routine at 32904.
WARNING: Comment contains address (31326) not converted to a label:
; Routine at 31326
WARNING: Could not convert address 31353 to label
WARNING: Could not convert address 31387 to label
WARNING: Could not convert address 31816 to label
WARNING: Could not convert address 33549 to label
WARNING: Could not convert address 35840 to label
WARNING: Could not convert address 35869 to label
WARNING: Comment contains addresses (31353, 31387, 31816, 33549, 35840, 35869) not converted to labels:
; Used by the routines at 31353, 31387, 31816, 33549, 35840 and 35869.
WARNING: Comment contains address (31353) not converted to a label:
; Routine at 31353
WARNING: Could not convert address 35460 to label
WARNING: Comment contains address (35460) not converted to a label:
; Used by the routine at 35460.
WARNING: Comment contains address (31387) not converted to a label:
; Routine at 31387
WARNING: Could not convert address 31539 to label
WARNING: Could not convert address 36172 to label
WARNING: Could not convert address 36274 to label
WARNING: Could not convert address 36745 to label
WARNING: Could not convert address 38254 to label
WARNING: Comment contains addresses (31539, 36172, 36274, 36745, 38254) not converted to labels:
; Used by the routines at 31539, 36172, 36274, 36745 and 38254.
WARNING: Comment contains address (31423) not converted to a label:
; Routine at 31423
WARNING: Could not convert address 36172 to label
WARNING: Could not convert address 36435 to label
WARNING: Could not convert address 36479 to label
WARNING: Could not convert address 36745 to label
WARNING: Comment contains addresses (36172, 36435, 36479, 36745) not converted to labels:
; Used by the routines at 36172, 36435, 36479 and 36745.
WARNING: Comment contains address (31435) not converted to a label:
; Routine at 31435
WARNING: Could not convert address 31539 to label
WARNING: Could not convert address 36745 to label
WARNING: Could not convert address 39421 to label
WARNING: Comment contains addresses (31539, 36745, 39421) not converted to labels:
; Used by the routines at 31539, 36745 and 39421.
WARNING: Comment contains address (31539) not converted to a label:
; Routine at 31539
WARNING: Could not convert address 32904 to label
WARNING: Comment contains address (32904) not converted to a label:
; Used by the routine at 32904.
WARNING: Could not convert address 31638 to label
WARNING: Comment above 31611 contains address (31638) not converted to a label:
; This entry point is used by the routine at 31638.
WARNING: Comment contains address (31638) not converted to a label:
; Routine at 31638
WARNING: Could not convert address 31539 to label
WARNING: Comment contains address (31539) not converted to a label:
; Used by the routine at 31539.
WARNING: Comment contains address (31652) not converted to a label:
; Routine at 31652
WARNING: Could not convert address 32904 to label
WARNING: Comment contains address (32904) not converted to a label:
; Used by the routine at 32904.
WARNING: Could not convert address 41617 to label
WARNING: Comment above 31654 contains address (41617) not converted to a label:
; This entry point is used by the routine at 41617.
WARNING: Comment contains address (31667) not converted to a label:
; Routine at 31667
WARNING: Could not convert address 32904 to label
WARNING: Could not convert address 41617 to label
WARNING: Comment contains addresses (32904, 41617) not converted to labels:
; Used by the routines at 32904 and 41617.
WARNING: Comment contains address (31679) not converted to a label:
; Routine at 31679
WARNING: Could not convert address 31699 to label
WARNING: Comment contains address (31699) not converted to a label:
; Used by the routine at 31699.
WARNING: Comment contains address (31699) not converted to a label:
; Routine at 31699
WARNING: Could not convert address 31679 to label
WARNING: Comment contains address (31679) not converted to a label:
; Used by the routine at 31679.
WARNING: Could not convert address 57681 to label
WARNING: Comment above 31727 contains address (57681) not converted to a label:
; This entry point is used by the routine at 57681.
WARNING: Could not convert address 31679 to label
WARNING: Comment above 31740 contains address (31679) not converted to a label:
; This entry point is used by the routine at 31679.
WARNING: Could not convert address 31667 to label
WARNING: Comment above 31743 contains address (31667) not converted to a label:
; This entry point is used by the routine at 31667.
WARNING: Comment contains address (31790) not converted to a label:
; Routine at 31790
WARNING: Could not convert address 31699 to label
WARNING: Comment above 31794 contains address (31699) not converted to a label:
; This entry point is used by the routine at 31699.
WARNING: Could not convert address 31816 to label
WARNING: Comment above 31802 contains address (31816) not converted to a label:
; This entry point is used by the routine at 31816.
WARNING: Comment contains address (31816) not converted to a label:
; Routine at 31816
WARNING: Could not convert address 31790 to label
WARNING: Comment contains address (31790) not converted to a label:
; Used by the routine at 31790.
WARNING: Could not convert address 31790 to label
WARNING: Comment above 31852 contains address (31790) not converted to a label:
; This entry point is used by the routine at 31790.
WARNING: Comment contains address (31973) not converted to a label:
; Data block at 31973
WARNING: Comment contains address (32053) not converted to a label:
; Message at 32053
WARNING: Comment contains address (32057) not converted to a label:
; Data block at 32057
WARNING: Comment contains address (32099) not converted to a label:
; Message at 32099
WARNING: Comment contains address (32104) not converted to a label:
; Routine at 32104
WARNING: Could not convert address 32152 to label
WARNING: Comment above 32114 contains address (32152) not converted to a label:
; This entry point is used by the routine at 32152.
WARNING: Comment contains address (32129) not converted to a label:
; Data block at 32129
WARNING: Could not convert address 32104 to label
WARNING: Comment contains address (32104) not converted to a label:
; Used by the routine at 32104.
WARNING: Comment contains address (32140) not converted to a label:
; Message at 32140
WARNING: Comment contains address (32152) not converted to a label:
; Routine at 32152
WARNING: Could not convert address 32104 to label
WARNING: Comment above 32187 contains address (32104) not converted to a label:
; This entry point is used by the routine at 32104.
WARNING: Comment contains address (32192) not converted to a label:
; Routine at 32192
WARNING: Could not convert address 32277 to label
WARNING: Comment above 32242 contains address (32277) not converted to a label:
; This entry point is used by the routine at 32277.
WARNING: Comment contains address (32264) not converted to a label:
; Routine at 32264
WARNING: Could not convert address 32277 to label
WARNING: Comment contains address (32277) not converted to a label:
; Used by the routine at 32277.
WARNING: Comment contains address (32277) not converted to a label:
; Routine at 32277
WARNING: Could not convert address 32192 to label
WARNING: Could not convert address 32264 to label
WARNING: Comment contains addresses (32192, 32264) not converted to labels:
; Used by the routines at 32192 and 32264.
WARNING: Could not convert address 32264 to label
WARNING: Comment above 32286 contains address (32264) not converted to a label:
; This entry point is used by the routine at 32264.
WARNING: Could not convert address 32192 to label
WARNING: Comment above 32288 contains address (32192) not converted to a label:
; This entry point is used by the routine at 32192.
WARNING: Comment contains address (32309) not converted to a label:
; Routine at 32309
WARNING: Could not convert address 32277 to label
WARNING: Comment contains address (32277) not converted to a label:
; Used by the routine at 32277.
WARNING: Could not convert address 32336 to label
WARNING: Comment above 32312 contains address (32336) not converted to a label:
; This entry point is used by the routine at 32336.
WARNING: Comment contains address (32336) not converted to a label:
; Routine at 32336
WARNING: Could not convert address 32309 to label
WARNING: Comment contains address (32309) not converted to a label:
; Used by the routine at 32309.
WARNING: Could not convert address 32309 to label
WARNING: Comment above 32354 contains address (32309) not converted to a label:
; This entry point is used by the routine at 32309.
WARNING: Comment contains address (32369) not converted to a label:
; Routine at 32369
WARNING: Could not convert address 32192 to label
WARNING: Comment above 32379 contains address (32192) not converted to a label:
; This entry point is used by the routine at 32192.
WARNING: Comment contains address (32428) not converted to a label:
; Routine at 32428
WARNING: Could not convert address 32369 to label
WARNING: Comment contains address (32369) not converted to a label:
; Used by the routine at 32369.
WARNING: Comment contains address (32455) not converted to a label:
; Routine at 32455
WARNING: Could not convert address 32369 to label
WARNING: Comment contains address (32369) not converted to a label:
; Used by the routine at 32369.
WARNING: Comment contains address (32588) not converted to a label:
; Data block at 32588
WARNING: Could not convert address 32455 to label
WARNING: Comment contains address (32455) not converted to a label:
; Used by the routine at 32455.
WARNING: Comment contains address (32593) not converted to a label:
; Message at 32593
WARNING: Comment contains address (32596) not converted to a label:
; Data block at 32596
WARNING: Comment contains address (32597) not converted to a label:
; Routine at 32597
WARNING: Comment contains address (32598) not converted to a label:
; Routine at 32598
WARNING: Could not convert address 32455 to label
WARNING: Comment contains address (32455) not converted to a label:
; Used by the routine at 32455.
WARNING: Could not convert address 32904 to label
WARNING: Comment above 32608 contains address (32904) not converted to a label:
; This entry point is used by the routine at 32904.
WARNING: Comment contains address (32639) not converted to a label:
; Data block at 32639
WARNING: Comment contains address (32654) not converted to a label:
; Data block at 32654
WARNING: Comment contains address (32665) not converted to a label:
; Message at 32665
WARNING: Comment contains address (32677) not converted to a label:
; Routine at 32677
WARNING: Comment contains address (32681) not converted to a label:
; Data block at 32681
WARNING: Comment contains address (32793) not converted to a label:
; Routine at 32793
WARNING: Comment contains address (32796) not converted to a label:
; Data block at 32796
WARNING: Comment contains address (32801) not converted to a label:
; Routine at 32801
WARNING: Could not convert address 32904 to label
WARNING: Comment contains address (32904) not converted to a label:
; Used by the routine at 32904.
WARNING: Could not convert address 37335 to label
WARNING: Comment above 32811 contains address (37335) not converted to a label:
; This entry point is used by the routine at 37335.
WARNING: Comment contains address (32904) not converted to a label:
; Routine at 32904
WARNING: Could not convert address 33463 to label
WARNING: Could not convert address 34109 to label
WARNING: Comment contains addresses (33463, 34109) not converted to labels:
; Used by the routines at 33463 and 34109.
WARNING: Comment contains address (32955) not converted to a label:
; Routine at 32955
WARNING: Could not convert address 33463 to label
WARNING: Comment contains address (33463) not converted to a label:
; Used by the routine at 33463.
WARNING: Could not convert address 57644 to label
WARNING: Comment above 33030 contains address (57644) not converted to a label:
; This entry point is used by the routine at 57644.
WARNING: Comment contains address (33035) not converted to a label:
; Routine at 33035
WARNING: Could not convert address 32904 to label
WARNING: Could not convert address 32955 to label
WARNING: Could not convert address 33157 to label
WARNING: Could not convert address 39502 to label
WARNING: Could not convert address 39776 to label
WARNING: Could not convert address 41197 to label
WARNING: Comment contains addresses (32904, 32955, 33157, 39502, 39776, 41197) not converted to labels:
; Used by the routines at 32904, 32955, 33157, 39502, 39776 and 41197.
WARNING: Could not convert address 33239 to label
WARNING: Comment above 33058 contains address (33239) not converted to a label:
; This entry point is used by the routine at 33239.
WARNING: Could not convert address 38373 to label
WARNING: Comment above 33064 contains address (38373) not converted to a label:
; This entry point is used by the routine at 38373.
WARNING: Comment contains address (33093) not converted to a label:
; Routine at 33093
WARNING: Could not convert address 33463 to label
WARNING: Comment contains address (33463) not converted to a label:
; Used by the routine at 33463.
WARNING: Comment contains address (33105) not converted to a label:
; Routine at 33105
WARNING: Could not convert address 35967 to label
WARNING: Could not convert address 36053 to label
WARNING: Could not convert address 36535 to label
WARNING: Could not convert address 36636 to label
WARNING: Could not convert address 36745 to label
WARNING: Could not convert address 37758 to label
WARNING: Could not convert address 37795 to label
WARNING: Could not convert address 37921 to label
WARNING: Could not convert address 37982 to label
WARNING: Could not convert address 38198 to label
WARNING: Could not convert address 40135 to label
WARNING: Could not convert address 40796 to label
WARNING: Comment contains addresses (35967, 36053, 36535, 36636, 36745, 37758, 37795) not converted to labels:
; Used by the routines at 35967, 36053, 36535, 36636, 36745, 37758, 37795,
WARNING: Comment contains addresses (37921, 37982, 38198, 40135, 40796) not converted to labels:
; 37921, 37982, 38198, 40135 and 40796.
WARNING: Comment contains address (33157) not converted to a label:
; Routine at 33157
WARNING: Could not convert address 34709 to label
WARNING: Comment contains address (34709) not converted to a label:
; Used by the routine at 34709.
WARNING: Could not convert address 33209 to label
WARNING: Comment above 33199 contains address (33209) not converted to a label:
; This entry point is used by the routine at 33209.
WARNING: Comment contains address (33209) not converted to a label:
; Routine at 33209
WARNING: Could not convert address 33157 to label
WARNING: Comment contains address (33157) not converted to a label:
; Used by the routine at 33157.
WARNING: Could not convert address 33157 to label
WARNING: Comment above 33211 contains address (33157) not converted to a label:
; This entry point is used by the routine at 33157.
WARNING: Could not convert address 33157 to label
WARNING: Comment above 33214 contains address (33157) not converted to a label:
; This entry point is used by the routine at 33157.
WARNING: Comment contains address (33239) not converted to a label:
; Routine at 33239
WARNING: Could not convert address 33209 to label
WARNING: Comment above 33240 contains address (33209) not converted to a label:
; This entry point is used by the routine at 33209.
WARNING: Comment contains address (33264) not converted to a label:
; Routine at 33264
WARNING: Could not convert address 33351 to label
WARNING: Comment contains address (33351) not converted to a label:
; Used by the routine at 33351.
WARNING: Could not convert address 33317 to label
WARNING: Comment above 33270 contains address (33317) not converted to a label:
; This entry point is used by the routine at 33317.
WARNING: Could not convert address 29669 to label
WARNING: Comment above 33281 contains address (29669) not converted to a label:
; This entry point is used by the routine at 29669.
WARNING: Comment contains address (33317) not converted to a label:
; Routine at 33317
WARNING: Could not convert address 33264 to label
WARNING: Comment contains address (33264) not converted to a label:
; Used by the routine at 33264.
WARNING: Could not convert address 33264 to label
WARNING: Comment above 33325 contains address (33264) not converted to a label:
; This entry point is used by the routine at 33264.
WARNING: Comment contains address (33351) not converted to a label:
; Routine at 33351
WARNING: Could not convert address 33463 to label
WARNING: Comment contains address (33463) not converted to a label:
; Used by the routine at 33463.
WARNING: Comment contains address (33463) not converted to a label:
; Routine at 33463
WARNING: Could not convert address 31023 to label
WARNING: Comment contains address (31023) not converted to a label:
; Used by the routine at 31023.
WARNING: Comment contains address (33518) not converted to a label:
; Routine at 33518
WARNING: Could not convert address 31177 to label
WARNING: Could not convert address 32904 to label
WARNING: Could not convert address 36636 to label
WARNING: Could not convert address 36745 to label
WARNING: Could not convert address 37081 to label
WARNING: Could not convert address 37425 to label
WARNING: Comment contains addresses (31177, 32904, 36636, 36745, 37081, 37425) not converted to labels:
; Used by the routines at 31177, 32904, 36636, 36745, 37081 and 37425.
WARNING: Comment contains address (33549) not converted to a label:
; Routine at 33549
WARNING: Could not convert address 33518 to label
WARNING: Comment contains address (33518) not converted to a label:
; Used by the routine at 33518.
WARNING: Comment contains address (33624) not converted to a label:
; Routine at 33624
WARNING: Could not convert address 33549 to label
WARNING: Comment contains address (33549) not converted to a label:
; Used by the routine at 33549.
WARNING: Comment contains address (33626) not converted to a label:
; Routine at 33626
WARNING: Could not convert address 33889 to label
WARNING: Could not convert address 33913 to label
WARNING: Could not convert address 34152 to label
WARNING: Could not convert address 34263 to label
WARNING: Could not convert address 34389 to label
WARNING: Could not convert address 34412 to label
WARNING: Could not convert address 34426 to label
WARNING: Could not convert address 34460 to label
WARNING: Could not convert address 34504 to label
WARNING: Could not convert address 35113 to label
WARNING: Could not convert address 36172 to label
WARNING: Could not convert address 36435 to label
WARNING: Could not convert address 36745 to label
WARNING: Could not convert address 37126 to label
WARNING: Could not convert address 37961 to label
WARNING: Could not convert address 38373 to label
WARNING: Could not convert address 38610 to label
WARNING: Could not convert address 38631 to label
WARNING: Could not convert address 39421 to label
WARNING: Could not convert address 39861 to label
WARNING: Comment contains addresses (33889, 33913, 34152, 34263, 34389, 34412, 34426) not converted to labels:
; Used by the routines at 33889, 33913, 34152, 34263, 34389, 34412, 34426,
WARNING: Comment contains addresses (34460, 34504, 35113, 36172, 36435, 36745, 37126, 37961, 38373, 38610, 38631) not converted to labels:
; 34460, 34504, 35113, 36172, 36435, 36745, 37126, 37961, 38373, 38610, 38631,
WARNING: Comment contains addresses (39421, 39861) not converted to labels:
; 39421 and 39861.
WARNING: Comment contains address (33655) not converted to a label:
; Routine at 33655
WARNING: Could not convert address 33889 to label
WARNING: Could not convert address 33913 to label
WARNING: Could not convert address 34152 to label
WARNING: Could not convert address 34263 to label
WARNING: Could not convert address 34389 to label
WARNING: Could not convert address 34504 to label
WARNING: Could not convert address 35113 to label
WARNING: Could not convert address 36401 to label
WARNING: Could not convert address 36636 to label
WARNING: Could not convert address 36945 to label
WARNING: Could not convert address 37171 to label
WARNING: Could not convert address 37182 to label
WARNING: Could not convert address 37226 to label
WARNING: Could not convert address 37316 to label
WARNING: Could not convert address 37335 to label
WARNING: Could not convert address 37408 to label
WARNING: Could not convert address 37604 to label
WARNING: Could not convert address 37961 to label
WARNING: Could not convert address 38373 to label
WARNING: Could not convert address 38610 to label
WARNING: Could not convert address 38631 to label
WARNING: Could not convert address 39421 to label
WARNING: Could not convert address 39861 to label
WARNING: Comment contains addresses (33889, 33913, 34152, 34263, 34389, 34504, 35113) not converted to labels:
; Used by the routines at 33889, 33913, 34152, 34263, 34389, 34504, 35113,
WARNING: Comment contains addresses (36401, 36636, 36945, 37171, 37182, 37226, 37316, 37335, 37408, 37604, 37961) not converted to labels:
; 36401, 36636, 36945, 37171, 37182, 37226, 37316, 37335, 37408, 37604, 37961,
WARNING: Comment contains addresses (38373, 38610, 38631, 39421, 39861) not converted to labels:
; 38373, 38610, 38631, 39421 and 39861.
WARNING: Comment contains address (33668) not converted to a label:
; Routine at 33668
WARNING: Could not convert address 33750 to label
WARNING: Could not convert address 33822 to label
WARNING: Could not convert address 33836 to label
WARNING: Could not convert address 34550 to label
WARNING: Could not convert address 34740 to label
WARNING: Could not convert address 35796 to label
WARNING: Comment contains addresses (33750, 33822, 33836, 34550, 34740, 35796) not converted to labels:
; Used by the routines at 33750, 33822, 33836, 34550, 34740 and 35796.
WARNING: Comment contains address (33747) not converted to a label:
; Routine at 33747
WARNING: Could not convert address 33750 to label
WARNING: Comment contains address (33750) not converted to a label:
; Used by the routine at 33750.
WARNING: Comment contains address (33750) not converted to a label:
; Routine at 33750
WARNING: Could not convert address 33967 to label
WARNING: Could not convert address 34919 to label
WARNING: Could not convert address 35333 to label
WARNING: Comment contains addresses (33967, 34919, 35333) not converted to labels:
; Used by the routines at 33967, 34919 and 35333.
WARNING: Comment contains address (33822) not converted to a label:
; Routine at 33822
WARNING: Could not convert address 33836 to label
WARNING: Could not convert address 33849 to label
WARNING: Could not convert address 34006 to label
WARNING: Could not convert address 34152 to label
WARNING: Could not convert address 34919 to label
WARNING: Comment contains addresses (33836, 33849, 34006, 34152, 34919) not converted to labels:
; Used by the routines at 33836, 33849, 34006, 34152 and 34919.
WARNING: Comment contains address (33836) not converted to a label:
; Routine at 33836
WARNING: Could not convert address 33822 to label
WARNING: Comment contains address (33822) not converted to a label:
; Used by the routine at 33822.
WARNING: Comment contains address (33849) not converted to a label:
; Routine at 33849
WARNING: Could not convert address 33750 to label
WARNING: Comment contains address (33750) not converted to a label:
; Used by the routine at 33750.
WARNING: Comment contains address (33876) not converted to a label:
; Data block at 33876
WARNING: Comment contains address (33881) not converted to a label:
; Routine at 33881
WARNING: Comment contains address (33889) not converted to a label:
; Routine at 33889
WARNING: Could not convert address 35113 to label
WARNING: Could not convert address 35192 to label
WARNING: Could not convert address 35244 to label
WARNING: Could not convert address 35283 to label
WARNING: Could not convert address 35333 to label
WARNING: Comment contains addresses (35113, 35192, 35244, 35283, 35333) not converted to labels:
; Used by the routines at 35113, 35192, 35244, 35283 and 35333.
WARNING: Comment contains address (33913) not converted to a label:
; Routine at 33913
WARNING: Could not convert address 35192 to label
WARNING: Could not convert address 35283 to label
WARNING: Could not convert address 35333 to label
WARNING: Could not convert address 35460 to label
WARNING: Comment contains addresses (35192, 35283, 35333, 35460) not converted to labels:
; Used by the routines at 35192, 35283, 35333 and 35460.
WARNING: Comment contains address (33941) not converted to a label:
; Routine at 33941
WARNING: Could not convert address 34935 to label
WARNING: Could not convert address 34985 to label
WARNING: Could not convert address 35040 to label
WARNING: Comment contains addresses (34935, 34985, 35040) not converted to labels:
; Used by the routines at 34935, 34985 and 35040.
WARNING: Comment contains address (33967) not converted to a label:
; Routine at 33967
WARNING: Could not convert address 33941 to label
WARNING: Comment contains address (33941) not converted to a label:
; Used by the routine at 33941.
WARNING: Could not convert address 33941 to label
WARNING: Comment above 33986 contains address (33941) not converted to a label:
; This entry point is used by the routine at 33941.
WARNING: Comment contains address (34006) not converted to a label:
; Routine at 34006
WARNING: Could not convert address 33881 to label
WARNING: Could not convert address 33967 to label
WARNING: Could not convert address 34041 to label
WARNING: Could not convert address 34060 to label
WARNING: Could not convert address 34093 to label
WARNING: Could not convert address 34109 to label
WARNING: Could not convert address 34184 to label
WARNING: Could not convert address 34201 to label
WARNING: Could not convert address 34215 to label
WARNING: Could not convert address 34227 to label
WARNING: Could not convert address 34239 to label
WARNING: Could not convert address 34251 to label
WARNING: Could not convert address 34263 to label
WARNING: Could not convert address 34314 to label
WARNING: Could not convert address 34326 to label
WARNING: Could not convert address 34347 to label
WARNING: Could not convert address 34389 to label
WARNING: Could not convert address 34460 to label
WARNING: Could not convert address 34504 to label
WARNING: Could not convert address 34550 to label
WARNING: Could not convert address 35168 to label
WARNING: Could not convert address 35192 to label
WARNING: Could not convert address 35244 to label
WARNING: Could not convert address 35274 to label
WARNING: Could not convert address 35333 to label
WARNING: Could not convert address 35419 to label
WARNING: Could not convert address 35460 to label
WARNING: Could not convert address 35529 to label
WARNING: Could not convert address 35546 to label
WARNING: Could not convert address 35579 to label
WARNING: Could not convert address 35600 to label
WARNING: Could not convert address 35607 to label
WARNING: Could not convert address 35667 to label
WARNING: Could not convert address 35727 to label
WARNING: Could not convert address 35755 to label
WARNING: Could not convert address 35778 to label
WARNING: Could not convert address 35967 to label
WARNING: Comment above 34027 contains addresses (33881, 33967, 34041, 34060) not converted to labels:
; This entry point is used by the routines at 33881, 33967, 34041, 34060,
WARNING: Comment above 34027 contains addresses (34093, 34109, 34184, 34201, 34215, 34227, 34239, 34251, 34263, 34314, 34326) not converted to labels:
; 34093, 34109, 34184, 34201, 34215, 34227, 34239, 34251, 34263, 34314, 34326,
WARNING: Comment above 34027 contains addresses (34347, 34389, 34460, 34504, 34550, 35168, 35192, 35244, 35274, 35333, 35419) not converted to labels:
; 34347, 34389, 34460, 34504, 34550, 35168, 35192, 35244, 35274, 35333, 35419,
WARNING: Comment above 34027 contains addresses (35460, 35529, 35546, 35579, 35600, 35607, 35667, 35727, 35755, 35778) not converted to labels:
; 35460, 35529, 35546, 35579, 35600, 35607, 35667, 35727, 35755, 35778 and
WARNING: Comment above 34027 contains address (35967) not converted to a label:
; 35967.
WARNING: Comment contains address (34041) not converted to a label:
; Routine at 34041
WARNING: Could not convert address 34006 to label
WARNING: Comment contains address (34006) not converted to a label:
; Used by the routine at 34006.
WARNING: Comment contains address (34060) not converted to a label:
; Routine at 34060
WARNING: Could not convert address 34041 to label
WARNING: Comment contains address (34041) not converted to a label:
; Used by the routine at 34041.
WARNING: Comment contains address (34093) not converted to a label:
; Routine at 34093
WARNING: Could not convert address 34060 to label
WARNING: Comment contains address (34060) not converted to a label:
; Used by the routine at 34060.
WARNING: Comment contains address (34109) not converted to a label:
; Routine at 34109
WARNING: Could not convert address 34060 to label
WARNING: Comment contains address (34060) not converted to a label:
; Used by the routine at 34060.
WARNING: Comment contains address (34152) not converted to a label:
; Routine at 34152
WARNING: Could not convert address 34109 to label
WARNING: Comment contains address (34109) not converted to a label:
; Used by the routine at 34109.
WARNING: Comment contains address (34184) not converted to a label:
; Routine at 34184
WARNING: Could not convert address 34152 to label
WARNING: Comment contains address (34152) not converted to a label:
; Used by the routine at 34152.
WARNING: Comment contains address (34201) not converted to a label:
; Routine at 34201
WARNING: Could not convert address 34184 to label
WARNING: Comment contains address (34184) not converted to a label:
; Used by the routine at 34184.
WARNING: Comment contains address (34215) not converted to a label:
; Routine at 34215
WARNING: Could not convert address 34201 to label
WARNING: Comment contains address (34201) not converted to a label:
; Used by the routine at 34201.
WARNING: Comment contains address (34227) not converted to a label:
; Routine at 34227
WARNING: Could not convert address 34215 to label
WARNING: Comment contains address (34215) not converted to a label:
; Used by the routine at 34215.
WARNING: Comment contains address (34239) not converted to a label:
; Routine at 34239
WARNING: Could not convert address 34227 to label
WARNING: Comment contains address (34227) not converted to a label:
; Used by the routine at 34227.
WARNING: Comment contains address (34251) not converted to a label:
; Routine at 34251
WARNING: Could not convert address 34239 to label
WARNING: Comment contains address (34239) not converted to a label:
; Used by the routine at 34239.
WARNING: Comment contains address (34263) not converted to a label:
; Routine at 34263
WARNING: Could not convert address 34251 to label
WARNING: Comment contains address (34251) not converted to a label:
; Used by the routine at 34251.
WARNING: Comment contains address (34314) not converted to a label:
; Routine at 34314
WARNING: Could not convert address 34263 to label
WARNING: Comment contains address (34263) not converted to a label:
; Used by the routine at 34263.
WARNING: Comment contains address (34326) not converted to a label:
; Routine at 34326
WARNING: Could not convert address 34314 to label
WARNING: Comment contains address (34314) not converted to a label:
; Used by the routine at 34314.
WARNING: Comment contains address (34347) not converted to a label:
; Routine at 34347
WARNING: Could not convert address 34326 to label
WARNING: Comment contains address (34326) not converted to a label:
; Used by the routine at 34326.
WARNING: Comment contains address (34389) not converted to a label:
; Routine at 34389
WARNING: Could not convert address 34347 to label
WARNING: Comment contains address (34347) not converted to a label:
; Used by the routine at 34347.
WARNING: Could not convert address 34412 to label
WARNING: Could not convert address 34426 to label
WARNING: Could not convert address 34460 to label
WARNING: Comment above 34399 contains addresses (34412, 34426, 34460) not converted to labels:
; This entry point is used by the routines at 34412, 34426 and 34460.
WARNING: Comment contains address (34412) not converted to a label:
; Routine at 34412
WARNING: Could not convert address 34389 to label
WARNING: Comment contains address (34389) not converted to a label:
; Used by the routine at 34389.
WARNING: Comment contains address (34426) not converted to a label:
; Routine at 34426
WARNING: Could not convert address 34412 to label
WARNING: Comment contains address (34412) not converted to a label:
; Used by the routine at 34412.
WARNING: Comment contains address (34460) not converted to a label:
; Routine at 34460
WARNING: Could not convert address 34426 to label
WARNING: Comment contains address (34426) not converted to a label:
; Used by the routine at 34426.
WARNING: Comment contains address (34497) not converted to a label:
; Routine at 34497
WARNING: Could not convert address 34426 to label
WARNING: Comment contains address (34426) not converted to a label:
; Used by the routine at 34426.
WARNING: Comment contains address (34504) not converted to a label:
; Routine at 34504
WARNING: Could not convert address 34497 to label
WARNING: Comment contains address (34497) not converted to a label:
; Used by the routine at 34497.
WARNING: Could not convert address 34497 to label
WARNING: Comment above 34520 contains address (34497) not converted to a label:
; This entry point is used by the routine at 34497.
WARNING: Comment contains address (34550) not converted to a label:
; Routine at 34550
WARNING: Could not convert address 34504 to label
WARNING: Comment contains address (34504) not converted to a label:
; Used by the routine at 34504.
WARNING: Comment contains address (34584) not converted to a label:
; Routine at 34584
WARNING: Could not convert address 34740 to label
WARNING: Comment contains address (34740) not converted to a label:
; Used by the routine at 34740.
WARNING: Comment contains address (34602) not converted to a label:
; Routine at 34602
WARNING: Could not convert address 35113 to label
WARNING: Could not convert address 35192 to label
WARNING: Could not convert address 35244 to label
WARNING: Could not convert address 35283 to label
WARNING: Could not convert address 35333 to label
WARNING: Could not convert address 37126 to label
WARNING: Could not convert address 37171 to label
WARNING: Could not convert address 37182 to label
WARNING: Comment contains addresses (35113, 35192, 35244, 35283, 35333, 37126, 37171) not converted to labels:
; Used by the routines at 35113, 35192, 35244, 35283, 35333, 37126, 37171 and
WARNING: Comment contains address (37182) not converted to a label:
; 37182.
WARNING: Comment contains address (34638) not converted to a label:
; Data block at 34638
WARNING: Comment contains address (34702) not converted to a label:
; Routine at 34702
WARNING: Could not convert address 33463 to label
WARNING: Comment contains address (33463) not converted to a label:
; Used by the routine at 33463.
WARNING: Comment contains address (34709) not converted to a label:
; Routine at 34709
WARNING: Could not convert address 31023 to label
WARNING: Could not convert address 33463 to label
WARNING: Comment contains addresses (31023, 33463) not converted to labels:
; Used by the routines at 31023 and 33463.
WARNING: Comment contains address (34740) not converted to a label:
; Routine at 34740
WARNING: Could not convert address 33822 to label
WARNING: Could not convert address 33849 to label
WARNING: Could not convert address 34919 to label
WARNING: Could not convert address 46156 to label
WARNING: Comment contains addresses (33822, 33849, 34919, 46156) not converted to labels:
; Used by the routines at 33822, 33849, 34919 and 46156.
WARNING: Could not convert address 35514 to label
WARNING: Could not convert address 35522 to label
WARNING: Comment above 34862 contains addresses (35514, 35522) not converted to labels:
; This entry point is used by the routines at 35514 and 35522.
WARNING: Comment contains address (34919) not converted to a label:
; Routine at 34919
WARNING: Could not convert address 34740 to label
WARNING: Comment contains address (34740) not converted to a label:
; Used by the routine at 34740.
WARNING: Could not convert address 34930 to label
WARNING: Comment above 34921 contains address (34930) not converted to a label:
; This entry point is used by the routine at 34930.
WARNING: Comment contains address (34930) not converted to a label:
; Routine at 34930
WARNING: Could not convert address 34740 to label
WARNING: Comment contains address (34740) not converted to a label:
; Used by the routine at 34740.
WARNING: Comment contains address (34935) not converted to a label:
; Routine at 34935
WARNING: Could not convert address 34740 to label
WARNING: Comment contains address (34740) not converted to a label:
; Used by the routine at 34740.
WARNING: Comment contains address (34985) not converted to a label:
; Routine at 34985
WARNING: Could not convert address 34740 to label
WARNING: Comment contains address (34740) not converted to a label:
; Used by the routine at 34740.
WARNING: Could not convert address 35030 to label
WARNING: Comment above 34993 contains address (35030) not converted to a label:
; This entry point is used by the routine at 35030.
WARNING: Comment contains address (35030) not converted to a label:
; Routine at 35030
WARNING: Could not convert address 34740 to label
WARNING: Comment contains address (34740) not converted to a label:
; Used by the routine at 34740.
WARNING: Comment contains address (35040) not converted to a label:
; Routine at 35040
WARNING: Could not convert address 34740 to label
WARNING: Comment contains address (34740) not converted to a label:
; Used by the routine at 34740.
WARNING: Could not convert address 35084 to label
WARNING: Comment above 35048 contains address (35084) not converted to a label:
; This entry point is used by the routine at 35084.
WARNING: Comment contains address (35084) not converted to a label:
; Routine at 35084
WARNING: Could not convert address 34740 to label
WARNING: Comment contains address (34740) not converted to a label:
; Used by the routine at 34740.
WARNING: Comment contains address (35094) not converted to a label:
; Routine at 35094
WARNING: Comment contains address (35101) not converted to a label:
; Data block at 35101
WARNING: Comment contains address (35110) not converted to a label:
; Routine at 35110
WARNING: Comment contains address (35113) not converted to a label:
; Routine at 35113
WARNING: Could not convert address 34740 to label
WARNING: Comment above 35126 contains address (34740) not converted to a label:
; This entry point is used by the routine at 34740.
WARNING: Comment contains address (35168) not converted to a label:
; Routine at 35168
WARNING: Could not convert address 35113 to label
WARNING: Comment contains address (35113) not converted to a label:
; Used by the routine at 35113.
WARNING: Comment contains address (35174) not converted to a label:
; Routine at 35174
WARNING: Comment contains address (35181) not converted to a label:
; Data block at 35181
WARNING: Comment contains address (35190) not converted to a label:
; Routine at 35190
WARNING: Comment contains address (35192) not converted to a label:
; Routine at 35192
WARNING: Could not convert address 35094 to label
WARNING: Comment above 35200 contains address (35094) not converted to a label:
; This entry point is used by the routine at 35094.
WARNING: Comment contains address (35226) not converted to a label:
; Routine at 35226
WARNING: Comment contains address (35233) not converted to a label:
; Data block at 35233
WARNING: Comment contains address (35242) not converted to a label:
; Routine at 35242
WARNING: Comment contains address (35244) not converted to a label:
; Routine at 35244
WARNING: Could not convert address 35283 to label
WARNING: Comment above 35268 contains address (35283) not converted to a label:
; This entry point is used by the routine at 35283.
WARNING: Comment contains address (35274) not converted to a label:
; Routine at 35274
WARNING: Could not convert address 34740 to label
WARNING: Comment contains address (34740) not converted to a label:
; Used by the routine at 34740.
WARNING: Could not convert address 35174 to label
WARNING: Comment above 35280 contains address (35174) not converted to a label:
; This entry point is used by the routine at 35174.
WARNING: Comment contains address (35283) not converted to a label:
; Routine at 35283
WARNING: Could not convert address 34740 to label
WARNING: Comment contains address (34740) not converted to a label:
; Used by the routine at 34740.
WARNING: Comment contains address (35333) not converted to a label:
; Routine at 35333
WARNING: Could not convert address 35242 to label
WARNING: Comment above 35337 contains address (35242) not converted to a label:
; This entry point is used by the routine at 35242.
WARNING: Could not convert address 34740 to label
WARNING: Comment above 35370 contains address (34740) not converted to a label:
; This entry point is used by the routine at 34740.
WARNING: Could not convert address 35425 to label
WARNING: Comment above 35373 contains address (35425) not converted to a label:
; This entry point is used by the routine at 35425.
WARNING: Comment contains address (35419) not converted to a label:
; Routine at 35419
WARNING: Could not convert address 35333 to label
WARNING: Comment contains address (35333) not converted to a label:
; Used by the routine at 35333.
WARNING: Comment contains address (35425) not converted to a label:
; Routine at 35425
WARNING: Comment contains address (35448) not converted to a label:
; Data block at 35448
WARNING: Comment contains address (35460) not converted to a label:
; Routine at 35460
WARNING: Comment contains address (35514) not converted to a label:
; Routine at 35514
WARNING: Could not convert address 34740 to label
WARNING: Comment contains address (34740) not converted to a label:
; Used by the routine at 34740.
WARNING: Comment contains address (35522) not converted to a label:
; Routine at 35522
WARNING: Could not convert address 34740 to label
WARNING: Comment contains address (34740) not converted to a label:
; Used by the routine at 34740.
WARNING: Comment contains address (35528) not converted to a label:
; Data block at 35528
WARNING: Comment contains address (35529) not converted to a label:
; Routine at 35529
WARNING: Comment contains address (35545) not converted to a label:
; Data block at 35545
WARNING: Comment contains address (35546) not converted to a label:
; Routine at 35546
WARNING: Comment contains address (35562) not converted to a label:
; Routine at 35562
WARNING: Comment contains address (35573) not converted to a label:
; Data block at 35573
WARNING: Comment contains address (35575) not converted to a label:
; Routine at 35575
WARNING: Comment contains address (35579) not converted to a label:
; Routine at 35579
WARNING: Comment contains address (35586) not converted to a label:
; Data block at 35586
WARNING: Comment contains address (35591) not converted to a label:
; Routine at 35591
WARNING: Comment contains address (35596) not converted to a label:
; Routine at 35596
WARNING: Could not convert address 35562 to label
WARNING: Comment above 35598 contains address (35562) not converted to a label:
; This entry point is used by the routine at 35562.
WARNING: Comment contains address (35600) not converted to a label:
; Routine at 35600
WARNING: Comment contains address (35607) not converted to a label:
; Routine at 35607
WARNING: Comment contains address (35623) not converted to a label:
; Data block at 35623
WARNING: Comment contains address (35625) not converted to a label:
; Routine at 35625
WARNING: Comment contains address (35634) not converted to a label:
; Routine at 35634
WARNING: Comment contains address (35636) not converted to a label:
; Routine at 35636
WARNING: Comment contains address (35642) not converted to a label:
; Routine at 35642
WARNING: Comment contains address (35644) not converted to a label:
; Routine at 35644
WARNING: Could not convert address 35634 to label
WARNING: Comment above 35657 contains address (35634) not converted to a label:
; This entry point is used by the routine at 35634.
WARNING: Could not convert address 35625 to label
WARNING: Comment above 35659 contains address (35625) not converted to a label:
; This entry point is used by the routine at 35625.
WARNING: Comment contains address (35665) not converted to a label:
; Routine at 35665
WARNING: Could not convert address 35642 to label
WARNING: Comment contains address (35642) not converted to a label:
; Used by the routine at 35642.
WARNING: Comment contains address (35667) not converted to a label:
; Routine at 35667
WARNING: Could not convert address 35636 to label
WARNING: Comment contains address (35636) not converted to a label:
; Used by the routine at 35636.
WARNING: Could not convert address 35644 to label
WARNING: Comment above 35690 contains address (35644) not converted to a label:
; This entry point is used by the routine at 35644.
WARNING: Comment contains address (35693) not converted to a label:
; Data block at 35693
WARNING: Comment contains address (35697) not converted to a label:
; Routine at 35697
WARNING: Could not convert address 35575 to label
WARNING: Comment above 35703 contains address (35575) not converted to a label:
; This entry point is used by the routine at 35575.
WARNING: Comment contains address (35714) not converted to a label:
; Routine at 35714
WARNING: Comment contains address (35716) not converted to a label:
; Data block at 35716
WARNING: Comment contains address (35727) not converted to a label:
; Routine at 35727
WARNING: Comment contains address (35755) not converted to a label:
; Routine at 35755
WARNING: Could not convert address 35727 to label
WARNING: Comment contains address (35727) not converted to a label:
; Used by the routine at 35727.
WARNING: Comment contains address (35763) not converted to a label:
; Data block at 35763
WARNING: Comment contains address (35764) not converted to a label:
; Routine at 35764
WARNING: Comment contains address (35771) not converted to a label:
; Routine at 35771
WARNING: Comment contains address (35774) not converted to a label:
; Data block at 35774
WARNING: Comment contains address (35778) not converted to a label:
; Routine at 35778
WARNING: Could not convert address 34740 to label
WARNING: Comment above 35785 contains address (34740) not converted to a label:
; This entry point is used by the routine at 34740.
WARNING: Comment contains address (35796) not converted to a label:
; Routine at 35796
WARNING: Could not convert address 34347 to label
WARNING: Could not convert address 35764 to label
WARNING: Comment contains addresses (34347, 35764) not converted to labels:
; Used by the routines at 34347 and 35764.
WARNING: Comment contains address (35840) not converted to a label:
; Routine at 35840
WARNING: Could not convert address 35244 to label
WARNING: Comment contains address (35244) not converted to a label:
; Used by the routine at 35244.
WARNING: Comment contains address (35867) not converted to a label:
; Routine at 35867
WARNING: Could not convert address 35840 to label
WARNING: Comment contains address (35840) not converted to a label:
; Used by the routine at 35840.
WARNING: Comment contains address (35869) not converted to a label:
; Routine at 35869
WARNING: Could not convert address 35192 to label
WARNING: Could not convert address 35333 to label
WARNING: Could not convert address 37182 to label
WARNING: Could not convert address 37226 to label
WARNING: Could not convert address 37335 to label
WARNING: Could not convert address 37829 to label
WARNING: Could not convert address 37921 to label
WARNING: Could not convert address 38198 to label
WARNING: Could not convert address 40796 to label
WARNING: Comment contains addresses (35192, 35333, 37182, 37226, 37335, 37829, 37921) not converted to labels:
; Used by the routines at 35192, 35333, 37182, 37226, 37335, 37829, 37921,
WARNING: Comment contains addresses (38198, 40796) not converted to labels:
; 38198 and 40796.
WARNING: Comment contains address (35942) not converted to a label:
; Routine at 35942
WARNING: Could not convert address 35869 to label
WARNING: Comment contains address (35869) not converted to a label:
; Used by the routine at 35869.
WARNING: Comment contains address (35957) not converted to a label:
; Routine at 35957
WARNING: Comment contains address (35963) not converted to a label:
; Data block at 35963
WARNING: Comment contains address (35967) not converted to a label:
; Routine at 35967
WARNING: Could not convert address 36053 to label
WARNING: Comment above 36035 contains address (36053) not converted to a label:
; This entry point is used by the routine at 36053.
WARNING: Comment contains address (36053) not converted to a label:
; Routine at 36053
WARNING: Could not convert address 35967 to label
WARNING: Comment contains address (35967) not converted to a label:
; Used by the routine at 35967.
WARNING: Comment contains address (36070) not converted to a label:
; Routine at 36070
WARNING: Could not convert address 33209 to label
WARNING: Could not convert address 34060 to label
WARNING: Could not convert address 34093 to label
WARNING: Could not convert address 37425 to label
WARNING: Could not convert address 37550 to label
WARNING: Could not convert address 37795 to label
WARNING: Could not convert address 38198 to label
WARNING: Could not convert address 38631 to label
WARNING: Could not convert address 40135 to label
WARNING: Could not convert address 40247 to label
WARNING: Could not convert address 40796 to label
WARNING: Comment contains addresses (33209, 34060, 34093, 37425, 37550, 37795, 38198) not converted to labels:
; Used by the routines at 33209, 34060, 34093, 37425, 37550, 37795, 38198,
WARNING: Comment contains addresses (38631, 40135, 40247, 40796) not converted to labels:
; 38631, 40135, 40247 and 40796.
WARNING: Comment contains address (36088) not converted to a label:
; Routine at 36088
WARNING: Could not convert address 32369 to label
WARNING: Could not convert address 34426 to label
WARNING: Could not convert address 35460 to label
WARNING: Could not convert address 36479 to label
WARNING: Could not convert address 37604 to label
WARNING: Could not convert address 40796 to label
WARNING: Comment contains addresses (32369, 34426, 35460, 36479, 37604, 40796) not converted to labels:
; Used by the routines at 32369, 34426, 35460, 36479, 37604 and 40796.
WARNING: Could not convert address 36120 to label
WARNING: Comment above 36093 contains address (36120) not converted to a label:
; This entry point is used by the routine at 36120.
WARNING: Comment contains address (36120) not converted to a label:
; Routine at 36120
WARNING: Could not convert address 36088 to label
WARNING: Comment contains address (36088) not converted to a label:
; Used by the routine at 36088.
WARNING: Comment contains address (36128) not converted to a label:
; Data block at 36128
WARNING: Comment contains address (36172) not converted to a label:
; Routine at 36172
WARNING: Could not convert address 34239 to label
WARNING: Comment contains address (34239) not converted to a label:
; Used by the routine at 34239.
WARNING: Comment contains address (36252) not converted to a label:
; Routine at 36252
WARNING: Could not convert address 36172 to label
WARNING: Comment contains address (36172) not converted to a label:
; Used by the routine at 36172.
WARNING: Comment contains address (36274) not converted to a label:
; Routine at 36274
WARNING: Could not convert address 36252 to label
WARNING: Comment above 36295 contains address (36252) not converted to a label:
; This entry point is used by the routine at 36252.
WARNING: Could not convert address 36401 to label
WARNING: Comment above 36321 contains address (36401) not converted to a label:
; This entry point is used by the routine at 36401.
WARNING: Comment contains address (36340) not converted to a label:
; Routine at 36340
WARNING: Could not convert address 36274 to label
WARNING: Comment contains address (36274) not converted to a label:
; Used by the routine at 36274.
WARNING: Could not convert address 36274 to label
WARNING: Comment above 36380 contains address (36274) not converted to a label:
; This entry point is used by the routine at 36274.
WARNING: Comment contains address (36401) not converted to a label:
; Routine at 36401
WARNING: Could not convert address 36340 to label
WARNING: Comment contains address (36340) not converted to a label:
; Used by the routine at 36340.
WARNING: Could not convert address 36340 to label
WARNING: Comment above 36412 contains address (36340) not converted to a label:
; This entry point is used by the routine at 36340.
WARNING: Could not convert address 36172 to label
WARNING: Comment above 36416 contains address (36172) not converted to a label:
; This entry point is used by the routine at 36172.
WARNING: Comment contains address (36419) not converted to a label:
; Data block at 36419
WARNING: Comment contains address (36435) not converted to a label:
; Routine at 36435
WARNING: Could not convert address 34251 to label
WARNING: Comment above 36451 contains address (34251) not converted to a label:
; This entry point is used by the routine at 34251.
WARNING: Could not convert address 36479 to label
WARNING: Comment above 36467 contains address (36479) not converted to a label:
; This entry point is used by the routine at 36479.
WARNING: Comment contains address (36479) not converted to a label:
; Routine at 36479
WARNING: Could not convert address 36435 to label
WARNING: Comment contains address (36435) not converted to a label:
; Used by the routine at 36435.
WARNING: Comment contains address (36535) not converted to a label:
; Routine at 36535
WARNING: Could not convert address 36479 to label
WARNING: Comment contains address (36479) not converted to a label:
; Used by the routine at 36479.
WARNING: Could not convert address 51913 to label
WARNING: Comment above 36617 contains address (51913) not converted to a label:
; This entry point is used by the routine at 51913.
WARNING: Comment contains address (36636) not converted to a label:
; Routine at 36636
WARNING: Could not convert address 36535 to label
WARNING: Comment contains address (36535) not converted to a label:
; Used by the routine at 36535.
WARNING: Could not convert address 36535 to label
WARNING: Comment above 36642 contains address (36535) not converted to a label:
; This entry point is used by the routine at 36535.
WARNING: Could not convert address 36435 to label
WARNING: Could not convert address 36479 to label
WARNING: Comment above 36670 contains addresses (36435, 36479) not converted to labels:
; This entry point is used by the routines at 36435 and 36479.
WARNING: Comment contains address (36678) not converted to a label:
; Routine at 36678
WARNING: Could not convert address 36535 to label
WARNING: Comment contains address (36535) not converted to a label:
; Used by the routine at 36535.
WARNING: Comment contains address (36708) not converted to a label:
; Routine at 36708
WARNING: Could not convert address 36678 to label
WARNING: Comment contains address (36678) not converted to a label:
; Used by the routine at 36678.
WARNING: Comment contains address (36712) not converted to a label:
; Routine at 36712
WARNING: Could not convert address 32904 to label
WARNING: Comment contains address (32904) not converted to a label:
; Used by the routine at 32904.
WARNING: Comment contains address (36730) not converted to a label:
; Routine at 36730
WARNING: Could not convert address 36708 to label
WARNING: Could not convert address 36712 to label
WARNING: Comment contains addresses (36708, 36712) not converted to labels:
; Used by the routines at 36708 and 36712.
WARNING: Comment contains address (36745) not converted to a label:
; Routine at 36745
WARNING: Could not convert address 34314 to label
WARNING: Comment above 36777 contains address (34314) not converted to a label:
; This entry point is used by the routine at 34314.
WARNING: Could not convert address 56379 to label
WARNING: Comment above 36898 contains address (56379) not converted to a label:
; This entry point is used by the routine at 56379.
WARNING: Comment contains address (36923) not converted to a label:
; Routine at 36923
WARNING: Could not convert address 36745 to label
WARNING: Comment contains address (36745) not converted to a label:
; Used by the routine at 36745.
WARNING: Comment contains address (36945) not converted to a label:
; Routine at 36945
WARNING: Could not convert address 36745 to label
WARNING: Could not convert address 36923 to label
WARNING: Comment contains addresses (36745, 36923) not converted to labels:
; Used by the routines at 36745 and 36923.
WARNING: Comment contains address (36953) not converted to a label:
; Routine at 36953
WARNING: Could not convert address 33264 to label
WARNING: Could not convert address 35113 to label
WARNING: Could not convert address 37513 to label
WARNING: Could not convert address 37829 to label
WARNING: Comment contains addresses (33264, 35113, 37513, 37829) not converted to labels:
; Used by the routines at 33264, 35113, 37513 and 37829.
WARNING: Could not convert address 36970 to label
WARNING: Comment above 36957 contains address (36970) not converted to a label:
; This entry point is used by the routine at 36970.
WARNING: Comment contains address (36970) not converted to a label:
; Routine at 36970
WARNING: Could not convert address 36953 to label
WARNING: Comment contains address (36953) not converted to a label:
; Used by the routine at 36953.
WARNING: Comment contains address (36975) not converted to a label:
; Routine at 36975
WARNING: Could not convert address 34152 to label
WARNING: Could not convert address 34504 to label
WARNING: Could not convert address 37022 to label
WARNING: Could not convert address 37081 to label
WARNING: Could not convert address 37171 to label
WARNING: Could not convert address 37316 to label
WARNING: Could not convert address 37550 to label
WARNING: Could not convert address 37661 to label
WARNING: Could not convert address 38610 to label
WARNING: Could not convert address 38631 to label
WARNING: Comment contains addresses (34152, 34504, 37022, 37081, 37171, 37316, 37550) not converted to labels:
; Used by the routines at 34152, 34504, 37022, 37081, 37171, 37316, 37550,
WARNING: Comment contains addresses (37661, 38610, 38631) not converted to labels:
; 37661, 38610 and 38631.
WARNING: Comment contains address (36998) not converted to a label:
; Routine at 36998
WARNING: Could not convert address 37182 to label
WARNING: Could not convert address 37226 to label
WARNING: Could not convert address 37425 to label
WARNING: Could not convert address 37604 to label
WARNING: Comment contains addresses (37182, 37226, 37425, 37604) not converted to labels:
; Used by the routines at 37182, 37226, 37425 and 37604.
WARNING: Comment contains address (37022) not converted to a label:
; Routine at 37022
WARNING: Could not convert address 36998 to label
WARNING: Comment above 37046 contains address (36998) not converted to a label:
; This entry point is used by the routine at 36998.
WARNING: Comment contains address (37081) not converted to a label:
; Routine at 37081
WARNING: Could not convert address 37022 to label
WARNING: Comment contains address (37022) not converted to a label:
; Used by the routine at 37022.
WARNING: Comment contains address (37126) not converted to a label:
; Routine at 37126
WARNING: Could not convert address 35522 to label
WARNING: Comment contains address (35522) not converted to a label:
; Used by the routine at 35522.
WARNING: Comment contains address (37171) not converted to a label:
; Routine at 37171
WARNING: Could not convert address 37126 to label
WARNING: Could not convert address 37182 to label
WARNING: Comment contains addresses (37126, 37182) not converted to labels:
; Used by the routines at 37126 and 37182.
WARNING: Comment contains address (37182) not converted to a label:
; Routine at 37182
WARNING: Could not convert address 37126 to label
WARNING: Comment contains address (37126) not converted to a label:
; Used by the routine at 37126.
WARNING: Comment contains address (37226) not converted to a label:
; Routine at 37226
WARNING: Could not convert address 37182 to label
WARNING: Comment contains address (37182) not converted to a label:
; Used by the routine at 37182.
WARNING: Could not convert address 37425 to label
WARNING: Comment above 37278 contains address (37425) not converted to a label:
; This entry point is used by the routine at 37425.
WARNING: Comment contains address (37316) not converted to a label:
; Routine at 37316
WARNING: Could not convert address 37226 to label
WARNING: Comment contains address (37226) not converted to a label:
; Used by the routine at 37226.
WARNING: Could not convert address 37226 to label
WARNING: Could not convert address 37403 to label
WARNING: Could not convert address 37513 to label
WARNING: Could not convert address 37604 to label
WARNING: Comment above 37325 contains addresses (37226, 37403, 37513, 37604) not converted to labels:
; This entry point is used by the routines at 37226, 37403, 37513 and 37604.
WARNING: Could not convert address 37226 to label
WARNING: Could not convert address 37335 to label
WARNING: Could not convert address 37425 to label
WARNING: Could not convert address 37550 to label
WARNING: Could not convert address 37661 to label
WARNING: Comment above 37328 contains addresses (37226, 37335, 37425, 37550) not converted to labels:
; This entry point is used by the routines at 37226, 37335, 37425, 37550 and
WARNING: Comment above 37328 contains address (37661) not converted to a label:
; 37661.
WARNING: Comment contains address (37331) not converted to a label:
; Data block at 37331
WARNING: Comment contains address (37335) not converted to a label:
; Routine at 37335
WARNING: Could not convert address 37408 to label
WARNING: Comment above 37349 contains address (37408) not converted to a label:
; This entry point is used by the routine at 37408.
WARNING: Comment contains address (37403) not converted to a label:
; Routine at 37403
WARNING: Could not convert address 37335 to label
WARNING: Comment contains address (37335) not converted to a label:
; Used by the routine at 37335.
WARNING: Comment contains address (37408) not converted to a label:
; Routine at 37408
WARNING: Comment contains address (37425) not converted to a label:
; Routine at 37425
WARNING: Could not convert address 37226 to label
WARNING: Comment above 37429 contains address (37226) not converted to a label:
; This entry point is used by the routine at 37226.
WARNING: Comment contains address (37510) not converted to a label:
; Data block at 37510
WARNING: Comment contains address (37513) not converted to a label:
; Routine at 37513
WARNING: Comment contains address (37550) not converted to a label:
; Routine at 37550
WARNING: Could not convert address 37513 to label
WARNING: Comment contains address (37513) not converted to a label:
; Used by the routine at 37513.
WARNING: Could not convert address 37226 to label
WARNING: Comment above 37577 contains address (37226) not converted to a label:
; This entry point is used by the routine at 37226.
WARNING: Comment contains address (37604) not converted to a label:
; Routine at 37604
WARNING: Could not convert address 37425 to label
WARNING: Comment contains address (37425) not converted to a label:
; Used by the routine at 37425.
WARNING: Comment contains address (37661) not converted to a label:
; Routine at 37661
WARNING: Could not convert address 37604 to label
WARNING: Comment contains address (37604) not converted to a label:
; Used by the routine at 37604.
WARNING: Comment contains address (37697) not converted to a label:
; Routine at 37697
WARNING: Could not convert address 34227 to label
WARNING: Comment contains address (34227) not converted to a label:
; Used by the routine at 34227.
WARNING: Comment contains address (37726) not converted to a label:
; Routine at 37726
WARNING: Could not convert address 37697 to label
WARNING: Could not convert address 37758 to label
WARNING: Comment contains addresses (37697, 37758) not converted to labels:
; Used by the routines at 37697 and 37758.
WARNING: Comment contains address (37758) not converted to a label:
; Routine at 37758
WARNING: Could not convert address 37697 to label
WARNING: Comment contains address (37697) not converted to a label:
; Used by the routine at 37697.
WARNING: Comment contains address (37779) not converted to a label:
; Data block at 37779
WARNING: Comment contains address (37795) not converted to a label:
; Routine at 37795
WARNING: Could not convert address 37697 to label
WARNING: Comment above 37803 contains address (37697) not converted to a label:
; This entry point is used by the routine at 37697.
WARNING: Could not convert address 37758 to label
WARNING: Comment above 37821 contains address (37758) not converted to a label:
; This entry point is used by the routine at 37758.
WARNING: Comment contains address (37827) not converted to a label:
; Routine at 37827
WARNING: Comment contains address (37829) not converted to a label:
; Routine at 37829
WARNING: Could not convert address 37795 to label
WARNING: Comment contains address (37795) not converted to a label:
; Used by the routine at 37795.
WARNING: Comment contains address (37921) not converted to a label:
; Routine at 37921
WARNING: Could not convert address 37697 to label
WARNING: Comment contains address (37697) not converted to a label:
; Used by the routine at 37697.
WARNING: Comment contains address (37961) not converted to a label:
; Routine at 37961
WARNING: Could not convert address 37697 to label
WARNING: Comment contains address (37697) not converted to a label:
; Used by the routine at 37697.
WARNING: Comment contains address (37982) not converted to a label:
; Routine at 37982
WARNING: Could not convert address 37961 to label
WARNING: Comment contains address (37961) not converted to a label:
; Used by the routine at 37961.
WARNING: Comment contains address (37992) not converted to a label:
; Routine at 37992
WARNING: Could not convert address 38254 to label
WARNING: Could not convert address 38304 to label
WARNING: Comment contains addresses (38254, 38304) not converted to labels:
; Used by the routines at 38254 and 38304.
WARNING: Comment contains address (38005) not converted to a label:
; Data block at 38005
WARNING: Comment contains address (38053) not converted to a label:
; Routine at 38053
WARNING: Could not convert address 38198 to label
WARNING: Could not convert address 38304 to label
WARNING: Could not convert address 38324 to label
WARNING: Could not convert address 38478 to label
WARNING: Comment above 38071 contains addresses (38198, 38304, 38324, 38478) not converted to labels:
; This entry point is used by the routines at 38198, 38304, 38324 and 38478.
WARNING: Comment contains address (38150) not converted to a label:
; Routine at 38150
WARNING: Could not convert address 38053 to label
WARNING: Comment contains address (38053) not converted to a label:
; Used by the routine at 38053.
WARNING: Comment contains address (38189) not converted to a label:
; Routine at 38189
WARNING: Could not convert address 38053 to label
WARNING: Comment contains address (38053) not converted to a label:
; Used by the routine at 38053.
WARNING: Could not convert address 38053 to label
WARNING: Comment above 38193 contains address (38053) not converted to a label:
; This entry point is used by the routine at 38053.
WARNING: Comment contains address (38198) not converted to a label:
; Routine at 38198
WARNING: Could not convert address 38189 to label
WARNING: Comment contains address (38189) not converted to a label:
; Used by the routine at 38189.
WARNING: Comment contains address (38254) not converted to a label:
; Routine at 38254
WARNING: Could not convert address 38198 to label
WARNING: Comment contains address (38198) not converted to a label:
; Used by the routine at 38198.
WARNING: Comment contains address (38304) not converted to a label:
; Routine at 38304
WARNING: Could not convert address 38254 to label
WARNING: Comment contains address (38254) not converted to a label:
; Used by the routine at 38254.
WARNING: Could not convert address 38254 to label
WARNING: Could not convert address 38373 to label
WARNING: Comment above 38310 contains addresses (38254, 38373) not converted to labels:
; This entry point is used by the routines at 38254 and 38373.
WARNING: Comment contains address (38324) not converted to a label:
; Routine at 38324
WARNING: Could not convert address 38198 to label
WARNING: Comment contains address (38198) not converted to a label:
; Used by the routine at 38198.
WARNING: Comment contains address (38336) not converted to a label:
; Routine at 38336
WARNING: Could not convert address 38324 to label
WARNING: Comment contains address (38324) not converted to a label:
; Used by the routine at 38324.
WARNING: Could not convert address 38538 to label
WARNING: Comment above 38345 contains address (38538) not converted to a label:
; This entry point is used by the routine at 38538.
WARNING: Comment contains address (38373) not converted to a label:
; Routine at 38373
WARNING: Could not convert address 38254 to label
WARNING: Comment contains address (38254) not converted to a label:
; Used by the routine at 38254.
WARNING: Comment contains address (38478) not converted to a label:
; Routine at 38478
WARNING: Could not convert address 38198 to label
WARNING: Comment contains address (38198) not converted to a label:
; Used by the routine at 38198.
WARNING: Comment contains address (38495) not converted to a label:
; Routine at 38495
WARNING: Could not convert address 38373 to label
WARNING: Could not convert address 40135 to label
WARNING: Comment contains addresses (38373, 40135) not converted to labels:
; Used by the routines at 38373 and 40135.
WARNING: Comment contains address (38523) not converted to a label:
; Data block at 38523
WARNING: Comment contains address (38538) not converted to a label:
; Routine at 38538
WARNING: Comment contains address (38564) not converted to a label:
; Routine at 38564
WARNING: Could not convert address 38538 to label
WARNING: Comment contains address (38538) not converted to a label:
; Used by the routine at 38538.
WARNING: Could not convert address 38610 to label
WARNING: Comment above 38567 contains address (38610) not converted to a label:
; This entry point is used by the routine at 38610.
WARNING: Comment contains address (38574) not converted to a label:
; Routine at 38574
WARNING: Comment contains address (38610) not converted to a label:
; Routine at 38610
WARNING: Could not convert address 38574 to label
WARNING: Comment contains address (38574) not converted to a label:
; Used by the routine at 38574.
WARNING: Comment contains address (38631) not converted to a label:
; Routine at 38631
WARNING: Comment contains address (38694) not converted to a label:
; Routine at 38694
WARNING: Could not convert address 35283 to label
WARNING: Could not convert address 38150 to label
WARNING: Comment contains addresses (35283, 38150) not converted to labels:
; Used by the routines at 35283 and 38150.
WARNING: Could not convert address 38729 to label
WARNING: Comment above 38712 contains address (38729) not converted to a label:
; This entry point is used by the routine at 38729.
WARNING: Comment contains address (38729) not converted to a label:
; Routine at 38729
WARNING: Could not convert address 38694 to label
WARNING: Comment contains address (38694) not converted to a label:
; Used by the routine at 38694.
WARNING: Comment contains address (38738) not converted to a label:
; Data block at 38738
WARNING: Comment contains address (38914) not converted to a label:
; Routine at 38914
WARNING: Could not convert address 32904 to label
WARNING: Comment above 38915 contains address (32904) not converted to a label:
; This entry point is used by the routine at 32904.
WARNING: Comment contains address (38920) not converted to a label:
; Routine at 38920
WARNING: Could not convert address 34709 to label
WARNING: Comment contains address (34709) not converted to a label:
; Used by the routine at 34709.
WARNING: Comment contains address (38927) not converted to a label:
; Routine at 38927
WARNING: Could not convert address 39102 to label
WARNING: Could not convert address 39182 to label
WARNING: Comment contains addresses (39102, 39182) not converted to labels:
; Used by the routines at 39102 and 39182.
WARNING: Could not convert address 38914 to label
WARNING: Comment above 38932 contains address (38914) not converted to a label:
; This entry point is used by the routine at 38914.
WARNING: Comment contains address (38936) not converted to a label:
; Routine at 38936
WARNING: Could not convert address 39102 to label
WARNING: Could not convert address 39182 to label
WARNING: Could not convert address 46172 to label
WARNING: Comment contains addresses (39102, 39182, 46172) not converted to labels:
; Used by the routines at 39102, 39182 and 46172.
WARNING: Comment contains address (39102) not converted to a label:
; Routine at 39102
WARNING: Could not convert address 38936 to label
WARNING: Comment contains address (38936) not converted to a label:
; Used by the routine at 38936.
WARNING: Comment contains address (39182) not converted to a label:
; Routine at 39182
WARNING: Could not convert address 39102 to label
WARNING: Comment contains address (39102) not converted to a label:
; Used by the routine at 39102.
WARNING: Could not convert address 38936 to label
WARNING: Could not convert address 39102 to label
WARNING: Comment above 39217 contains addresses (38936, 39102) not converted to labels:
; This entry point is used by the routines at 38936 and 39102.
WARNING: Comment contains address (39223) not converted to a label:
; Routine at 39223
WARNING: Could not convert address 32904 to label
WARNING: Comment contains address (32904) not converted to a label:
; Used by the routine at 32904.
WARNING: Comment contains address (39253) not converted to a label:
; Data block at 39253
WARNING: Could not convert address 39223 to label
WARNING: Comment contains address (39223) not converted to a label:
; Used by the routine at 39223.
WARNING: Comment contains address (39299) not converted to a label:
; Message at 39299
WARNING: Comment contains address (39303) not converted to a label:
; Data block at 39303
WARNING: Comment contains address (39414) not converted to a label:
; Routine at 39414
WARNING: Comment contains address (39421) not converted to a label:
; Routine at 39421
WARNING: Could not convert address 39750 to label
WARNING: Could not convert address 40247 to label
WARNING: Could not convert address 41062 to label
WARNING: Comment contains addresses (39750, 40247, 41062) not converted to labels:
; Used by the routines at 39750, 40247 and 41062.
WARNING: Comment contains address (39502) not converted to a label:
; Routine at 39502
WARNING: Could not convert address 36730 to label
WARNING: Could not convert address 37982 to label
WARNING: Could not convert address 39421 to label
WARNING: Comment contains addresses (36730, 37982, 39421) not converted to labels:
; Used by the routines at 36730, 37982 and 39421.
WARNING: Comment contains address (39560) not converted to a label:
; Routine at 39560
WARNING: Could not convert address 39502 to label
WARNING: Comment contains address (39502) not converted to a label:
; Used by the routine at 39502.
WARNING: Could not convert address 39502 to label
WARNING: Comment above 39572 contains address (39502) not converted to a label:
; This entry point is used by the routine at 39502.
WARNING: Comment contains address (39604) not converted to a label:
; Routine at 39604
WARNING: Could not convert address 39560 to label
WARNING: Comment above 39652 contains address (39560) not converted to a label:
; This entry point is used by the routine at 39560.
WARNING: Comment contains address (39669) not converted to a label:
; Routine at 39669
WARNING: Could not convert address 39604 to label
WARNING: Comment contains address (39604) not converted to a label:
; Used by the routine at 39604.
WARNING: Comment contains address (39729) not converted to a label:
; Routine at 39729
WARNING: Could not convert address 40796 to label
WARNING: Could not convert address 41313 to label
WARNING: Comment contains addresses (40796, 41313) not converted to labels:
; Used by the routines at 40796 and 41313.
WARNING: Comment contains address (39747) not converted to a label:
; Routine at 39747
WARNING: Could not convert address 39729 to label
WARNING: Comment contains address (39729) not converted to a label:
; Used by the routine at 39729.
WARNING: Comment contains address (39750) not converted to a label:
; Routine at 39750
WARNING: Could not convert address 40627 to label
WARNING: Comment contains address (40627) not converted to a label:
; Used by the routine at 40627.
WARNING: Comment contains address (39776) not converted to a label:
; Routine at 39776
WARNING: Could not convert address 39750 to label
WARNING: Comment contains address (39750) not converted to a label:
; Used by the routine at 39750.
WARNING: Comment contains address (39805) not converted to a label:
; Routine at 39805
WARNING: Could not convert address 39750 to label
WARNING: Could not convert address 39776 to label
WARNING: Comment contains addresses (39750, 39776) not converted to labels:
; Used by the routines at 39750 and 39776.
WARNING: Comment contains address (39861) not converted to a label:
; Routine at 39861
WARNING: Could not convert address 39805 to label
WARNING: Comment contains address (39805) not converted to a label:
; Used by the routine at 39805.
WARNING: Could not convert address 39805 to label
WARNING: Comment above 39878 contains address (39805) not converted to a label:
; This entry point is used by the routine at 39805.
WARNING: Comment contains address (39908) not converted to a label:
; Data block at 39908
WARNING: Could not convert address 39861 to label
WARNING: Comment contains address (39861) not converted to a label:
; Used by the routine at 39861.
WARNING: Comment contains address (39945) not converted to a label:
; Routine at 39945
WARNING: Could not convert address 40015 to label
WARNING: Could not convert address 40018 to label
WARNING: Comment above 39974 contains addresses (40015, 40018) not converted to labels:
; This entry point is used by the routines at 40015 and 40018.
WARNING: Comment contains address (40015) not converted to a label:
; Routine at 40015
WARNING: Comment contains address (40018) not converted to a label:
; Routine at 40018
WARNING: Could not convert address 39945 to label
WARNING: Comment contains address (39945) not converted to a label:
; Used by the routine at 39945.
WARNING: Comment contains address (40032) not converted to a label:
; Data block at 40032
WARNING: Could not convert address 40018 to label
WARNING: Comment contains address (40018) not converted to a label:
; Used by the routine at 40018.
WARNING: Comment contains address (40135) not converted to a label:
; Routine at 40135
WARNING: Could not convert address 41313 to label
WARNING: Comment above 40174 contains address (41313) not converted to a label:
; This entry point is used by the routine at 41313.
WARNING: Comment contains address (40218) not converted to a label:
; Routine at 40218
WARNING: Could not convert address 40135 to label
WARNING: Comment contains address (40135) not converted to a label:
; Used by the routine at 40135.
WARNING: Comment contains address (40247) not converted to a label:
; Routine at 40247
WARNING: Could not convert address 40218 to label
WARNING: Comment contains address (40218) not converted to a label:
; Used by the routine at 40218.
WARNING: Comment contains address (40276) not converted to a label:
; Routine at 40276
WARNING: Comment contains address (40287) not converted to a label:
; Message at 40287
WARNING: Comment contains address (40311) not converted to a label:
; Routine at 40311
WARNING: Comment contains address (40334) not converted to a label:
; Message at 40334
WARNING: Comment contains address (40365) not converted to a label:
; Data block at 40365
WARNING: Comment contains address (40366) not converted to a label:
; Message at 40366
WARNING: Comment contains address (40374) not converted to a label:
; Data block at 40374
WARNING: Comment contains address (40384) not converted to a label:
; Message at 40384
WARNING: Comment contains address (40404) not converted to a label:
; Data block at 40404
WARNING: Comment contains address (40405) not converted to a label:
; Message at 40405
WARNING: Comment contains address (40426) not converted to a label:
; Routine at 40426
WARNING: Comment contains address (40438) not converted to a label:
; Message at 40438
WARNING: Comment contains address (40463) not converted to a label:
; Data block at 40463
WARNING: Comment contains address (40464) not converted to a label:
; Message at 40464
WARNING: Comment contains address (40474) not converted to a label:
; Data block at 40474
WARNING: Comment contains address (40475) not converted to a label:
; Message at 40475
WARNING: Comment contains address (40478) not converted to a label:
; Data block at 40478
WARNING: Comment contains address (40484) not converted to a label:
; Message at 40484
WARNING: Comment contains address (40490) not converted to a label:
; Data block at 40490
WARNING: Comment contains address (40491) not converted to a label:
; Message at 40491
WARNING: Comment contains address (40515) not converted to a label:
; Routine at 40515
WARNING: Could not convert address 40426 to label
WARNING: Comment above 40521 contains address (40426) not converted to a label:
; This entry point is used by the routine at 40426.
WARNING: Comment contains address (40527) not converted to a label:
; Message at 40527
WARNING: Comment contains address (40539) not converted to a label:
; Data block at 40539
WARNING: Comment contains address (40540) not converted to a label:
; Message at 40540
WARNING: Could not convert address 40627 to label
WARNING: Comment contains address (40627) not converted to a label:
; Used by the routine at 40627.
WARNING: Comment contains address (40552) not converted to a label:
; Routine at 40552
WARNING: Could not convert address 40627 to label
WARNING: Comment above 40554 contains address (40627) not converted to a label:
; This entry point is used by the routine at 40627.
WARNING: Comment contains address (40566) not converted to a label:
; Message at 40566
WARNING: Comment contains address (40571) not converted to a label:
; Routine at 40571
WARNING: Comment contains address (40627) not converted to a label:
; Routine at 40627
WARNING: Could not convert address 40515 to label
WARNING: Comment contains address (40515) not converted to a label:
; Used by the routine at 40515.
WARNING: Could not convert address 40552 to label
WARNING: Comment above 40669 contains address (40552) not converted to a label:
; This entry point is used by the routine at 40552.
WARNING: Could not convert address 40571 to label
WARNING: Comment above 40688 contains address (40571) not converted to a label:
; This entry point is used by the routine at 40571.
WARNING: Comment contains address (40694) not converted to a label:
; Routine at 40694
WARNING: Could not convert address 40627 to label
WARNING: Comment contains address (40627) not converted to a label:
; Used by the routine at 40627.
WARNING: Comment contains address (40714) not converted to a label:
; Routine at 40714
WARNING: Could not convert address 40694 to label
WARNING: Comment contains address (40694) not converted to a label:
; Used by the routine at 40694.
WARNING: Could not convert address 40571 to label
WARNING: Comment above 40716 contains address (40571) not converted to a label:
; This entry point is used by the routine at 40571.
WARNING: Could not convert address 40571 to label
WARNING: Comment above 40736 contains address (40571) not converted to a label:
; This entry point is used by the routine at 40571.
WARNING: Could not convert address 40627 to label
WARNING: Comment above 40737 contains address (40627) not converted to a label:
; This entry point is used by the routine at 40627.
WARNING: Comment contains address (40741) not converted to a label:
; Routine at 40741
WARNING: Could not convert address 40627 to label
WARNING: Comment above 40755 contains address (40627) not converted to a label:
; This entry point is used by the routine at 40627.
WARNING: Comment contains address (40796) not converted to a label:
; Routine at 40796
WARNING: Could not convert address 40741 to label
WARNING: Comment contains address (40741) not converted to a label:
; Used by the routine at 40741.
WARNING: Could not convert address 40741 to label
WARNING: Comment above 40847 contains address (40741) not converted to a label:
; This entry point is used by the routine at 40741.
WARNING: Could not convert address 40741 to label
WARNING: Comment above 40872 contains address (40741) not converted to a label:
; This entry point is used by the routine at 40741.
WARNING: Could not convert address 40944 to label
WARNING: Comment above 40927 contains address (40944) not converted to a label:
; This entry point is used by the routine at 40944.
WARNING: Comment contains address (40944) not converted to a label:
; Routine at 40944
WARNING: Could not convert address 40796 to label
WARNING: Comment contains address (40796) not converted to a label:
; Used by the routine at 40796.
WARNING: Comment contains address (40955) not converted to a label:
; Routine at 40955
WARNING: Could not convert address 40944 to label
WARNING: Comment contains address (40944) not converted to a label:
; Used by the routine at 40944.
WARNING: Comment contains address (40988) not converted to a label:
; Data block at 40988
WARNING: Comment contains address (41040) not converted to a label:
; Message at 41040
WARNING: Comment contains address (41053) not converted to a label:
; Data block at 41053
WARNING: Comment contains address (41055) not converted to a label:
; Message at 41055
WARNING: Comment contains address (41061) not converted to a label:
; Data block at 41061
WARNING: Comment contains address (41062) not converted to a label:
; Routine at 41062
WARNING: Comment contains address (41128) not converted to a label:
; Routine at 41128
WARNING: Could not convert address 41062 to label
WARNING: Comment contains address (41062) not converted to a label:
; Used by the routine at 41062.
WARNING: Could not convert address 41177 to label
WARNING: Comment above 41138 contains address (41177) not converted to a label:
; This entry point is used by the routine at 41177.
WARNING: Could not convert address 41062 to label
WARNING: Could not convert address 41197 to label
WARNING: Comment above 41148 contains addresses (41062, 41197) not converted to labels:
; This entry point is used by the routines at 41062 and 41197.
WARNING: Comment contains address (41177) not converted to a label:
; Routine at 41177
WARNING: Could not convert address 41128 to label
WARNING: Comment contains address (41128) not converted to a label:
; Used by the routine at 41128.
WARNING: Could not convert address 41128 to label
WARNING: Comment above 41192 contains address (41128) not converted to a label:
; This entry point is used by the routine at 41128.
WARNING: Comment contains address (41197) not converted to a label:
; Routine at 41197
WARNING: Could not convert address 41128 to label
WARNING: Comment contains address (41128) not converted to a label:
; Used by the routine at 41128.
WARNING: Comment contains address (41313) not converted to a label:
; Routine at 41313
WARNING: Could not convert address 41197 to label
WARNING: Comment contains address (41197) not converted to a label:
; Used by the routine at 41197.
WARNING: Comment contains address (41364) not converted to a label:
; Routine at 41364
WARNING: Could not convert address 41381 to label
WARNING: Comment contains address (41381) not converted to a label:
; Used by the routine at 41381.
WARNING: Comment contains address (41381) not converted to a label:
; Routine at 41381
WARNING: Comment contains address (41391) not converted to a label:
; Routine at 41391
WARNING: Comment contains address (41392) not converted to a label:
; Routine at 41392
WARNING: Comment contains address (41393) not converted to a label:
; Routine at 41393
WARNING: Could not convert address 41197 to label
WARNING: Could not convert address 41364 to label
WARNING: Comment contains addresses (41197, 41364) not converted to labels:
; Used by the routines at 41197 and 41364.
WARNING: Comment contains address (41410) not converted to a label:
; Routine at 41410
WARNING: Could not convert address 41393 to label
WARNING: Comment contains address (41393) not converted to a label:
; Used by the routine at 41393.
WARNING: Could not convert address 41446 to label
WARNING: Comment above 41431 contains address (41446) not converted to a label:
; This entry point is used by the routine at 41446.
WARNING: Comment contains address (41446) not converted to a label:
; Routine at 41446
WARNING: Could not convert address 41410 to label
WARNING: Comment contains address (41410) not converted to a label:
; Used by the routine at 41410.
WARNING: Comment contains address (41463) not converted to a label:
; Routine at 41463
WARNING: Could not convert address 41548 to label
WARNING: Comment contains address (41548) not converted to a label:
; Used by the routine at 41548.
WARNING: Comment contains address (41519) not converted to a label:
; Routine at 41519
WARNING: Could not convert address 33668 to label
WARNING: Could not convert address 35796 to label
WARNING: Comment contains addresses (33668, 35796) not converted to labels:
; Used by the routines at 33668 and 35796.
WARNING: Could not convert address 41601 to label
WARNING: Comment above 41523 contains address (41601) not converted to a label:
; This entry point is used by the routine at 41601.
WARNING: Comment contains address (41548) not converted to a label:
; Routine at 41548
WARNING: Could not convert address 41519 to label
WARNING: Comment contains address (41519) not converted to a label:
; Used by the routine at 41519.
WARNING: Comment contains address (41601) not converted to a label:
; Routine at 41601
WARNING: Could not convert address 41548 to label
WARNING: Comment contains address (41548) not converted to a label:
; Used by the routine at 41548.
WARNING: Could not convert address 41548 to label
WARNING: Comment above 41610 contains address (41548) not converted to a label:
; This entry point is used by the routine at 41548.
WARNING: Comment contains address (41617) not converted to a label:
; Routine at 41617
WARNING: Could not convert address 31023 to label
WARNING: Comment contains address (31023) not converted to a label:
; Used by the routine at 31023.
WARNING: Comment contains address (41627) not converted to a label:
; Routine at 41627
WARNING: Could not convert address 41778 to label
WARNING: Comment contains address (41778) not converted to a label:
; Used by the routine at 41778.
WARNING: Comment contains address (41717) not converted to a label:
; Routine at 41717
WARNING: Could not convert address 41778 to label
WARNING: Comment contains address (41778) not converted to a label:
; Used by the routine at 41778.
WARNING: Could not convert address 41760 to label
WARNING: Comment above 41758 contains address (41760) not converted to a label:
; This entry point is used by the routine at 41760.
WARNING: Comment contains address (41760) not converted to a label:
; Routine at 41760
WARNING: Could not convert address 41717 to label
WARNING: Comment contains address (41717) not converted to a label:
; Used by the routine at 41717.
WARNING: Could not convert address 41717 to label
WARNING: Comment above 41762 contains address (41717) not converted to a label:
; This entry point is used by the routine at 41717.
WARNING: Comment contains address (41778) not converted to a label:
; Routine at 41778
WARNING: Could not convert address 31699 to label
WARNING: Could not convert address 31816 to label
WARNING: Could not convert address 33668 to label
WARNING: Could not convert address 38336 to label
WARNING: Could not convert address 38574 to label
WARNING: Could not convert address 38631 to label
WARNING: Could not convert address 39669 to label
WARNING: Could not convert address 40694 to label
WARNING: Could not convert address 40714 to label
WARNING: Could not convert address 40741 to label
WARNING: Could not convert address 40955 to label
WARNING: Could not convert address 41393 to label
WARNING: Could not convert address 41410 to label
WARNING: Could not convert address 41463 to label
WARNING: Comment contains addresses (31699, 31816, 33668, 38336, 38574, 38631, 39669) not converted to labels:
; Used by the routines at 31699, 31816, 33668, 38336, 38574, 38631, 39669,
WARNING: Comment contains addresses (40694, 40714, 40741, 40955, 41393, 41410, 41463) not converted to labels:
; 40694, 40714, 40741, 40955, 41393, 41410 and 41463.
WARNING: Could not convert address 41975 to label
WARNING: Comment above 41971 contains address (41975) not converted to a label:
; This entry point is used by the routine at 41975.
WARNING: Comment contains address (41975) not converted to a label:
; Routine at 41975
WARNING: Could not convert address 41778 to label
WARNING: Comment contains address (41778) not converted to a label:
; Used by the routine at 41778.
WARNING: Comment contains address (42252) not converted to a label:
; Routine at 42252
WARNING: Could not convert address 41778 to label
WARNING: Comment contains address (41778) not converted to a label:
; Used by the routine at 41778.
WARNING: Comment contains address (42316) not converted to a label:
; Routine at 42316
WARNING: Could not convert address 41778 to label
WARNING: Could not convert address 41975 to label
WARNING: Could not convert address 42252 to label
WARNING: Comment contains addresses (41778, 41975, 42252) not converted to labels:
; Used by the routines at 41778, 41975 and 42252.
WARNING: Comment contains address (42323) not converted to a label:
; Routine at 42323
WARNING: Could not convert address 42374 to label
WARNING: Comment contains address (42374) not converted to a label:
; Used by the routine at 42374.
WARNING: Comment contains address (42362) not converted to a label:
; Routine at 42362
WARNING: Could not convert address 32955 to label
WARNING: Could not convert address 43240 to label
WARNING: Comment contains addresses (32955, 43240) not converted to labels:
; Used by the routines at 32955 and 43240.
WARNING: Could not convert address 42374 to label
WARNING: Comment above 42364 contains address (42374) not converted to a label:
; This entry point is used by the routine at 42374.
WARNING: Comment contains address (42374) not converted to a label:
; Routine at 42374
WARNING: Could not convert address 42362 to label
WARNING: Comment contains address (42362) not converted to a label:
; Used by the routine at 42362.
WARNING: Comment contains address (42472) not converted to a label:
; Routine at 42472
WARNING: Could not convert address 31435 to label
WARNING: Could not convert address 32801 to label
WARNING: Could not convert address 37726 to label
WARNING: Could not convert address 37829 to label
WARNING: Could not convert address 38053 to label
WARNING: Could not convert address 38150 to label
WARNING: Could not convert address 38936 to label
WARNING: Could not convert address 39102 to label
WARNING: Comment contains addresses (31435, 32801, 37726, 37829, 38053, 38150, 38936) not converted to labels:
; Used by the routines at 31435, 32801, 37726, 37829, 38053, 38150, 38936 and
WARNING: Comment contains address (39102) not converted to a label:
; 39102.
WARNING: Comment contains address (42485) not converted to a label:
; Routine at 42485
WARNING: Could not convert address 42472 to label
WARNING: Comment contains address (42472) not converted to a label:
; Used by the routine at 42472.
WARNING: Comment contains address (42515) not converted to a label:
; Routine at 42515
WARNING: Could not convert address 42485 to label
WARNING: Comment contains address (42485) not converted to a label:
; Used by the routine at 42485.
WARNING: Could not convert address 42485 to label
WARNING: Comment above 42517 contains address (42485) not converted to a label:
; This entry point is used by the routine at 42485.
WARNING: Comment contains address (42579) not converted to a label:
; Routine at 42579
WARNING: Could not convert address 41519 to label
WARNING: Comment contains address (41519) not converted to a label:
; Used by the routine at 41519.
WARNING: Comment contains address (42608) not converted to a label:
; Routine at 42608
WARNING: Could not convert address 31435 to label
WARNING: Could not convert address 32801 to label
WARNING: Could not convert address 35796 to label
WARNING: Could not convert address 39604 to label
WARNING: Could not convert address 41778 to label
WARNING: Could not convert address 42374 to label
WARNING: Comment contains addresses (31435, 32801, 35796, 39604, 41778, 42374) not converted to labels:
; Used by the routines at 31435, 32801, 35796, 39604, 41778 and 42374.
WARNING: Comment contains address (42628) not converted to a label:
; Routine at 42628
WARNING: Could not convert address 31435 to label
WARNING: Could not convert address 40218 to label
WARNING: Comment contains addresses (31435, 40218) not converted to labels:
; Used by the routines at 31435 and 40218.
WARNING: Comment contains address (42639) not converted to a label:
; Routine at 42639
WARNING: Could not convert address 35283 to label
WARNING: Could not convert address 37316 to label
WARNING: Could not convert address 37604 to label
WARNING: Could not convert address 38053 to label
WARNING: Comment contains addresses (35283, 37316, 37604, 38053) not converted to labels:
; Used by the routines at 35283, 37316, 37604 and 38053.
WARNING: Could not convert address 42670 to label
WARNING: Comment above 42655 contains address (42670) not converted to a label:
; This entry point is used by the routine at 42670.
WARNING: Comment contains address (42670) not converted to a label:
; Routine at 42670
WARNING: Could not convert address 42639 to label
WARNING: Comment contains address (42639) not converted to a label:
; Used by the routine at 42639.
WARNING: Comment contains address (42677) not converted to a label:
; Routine at 42677
WARNING: Could not convert address 32455 to label
WARNING: Could not convert address 42842 to label
WARNING: Could not convert address 43201 to label
WARNING: Comment above 42697 contains addresses (32455, 42842, 43201) not converted to labels:
; This entry point is used by the routines at 32455, 42842 and 43201.
WARNING: Comment contains address (42709) not converted to a label:
; Routine at 42709
WARNING: Could not convert address 42729 to label
WARNING: Could not convert address 43201 to label
WARNING: Comment contains addresses (42729, 43201) not converted to labels:
; Used by the routines at 42729 and 43201.
WARNING: Comment contains address (42729) not converted to a label:
; Routine at 42729
WARNING: Could not convert address 43201 to label
WARNING: Comment contains address (43201) not converted to a label:
; Used by the routine at 43201.
WARNING: Comment contains address (42734) not converted to a label:
; Routine at 42734
WARNING: Could not convert address 36401 to label
WARNING: Comment contains address (36401) not converted to a label:
; Used by the routine at 36401.
WARNING: Comment contains address (42745) not converted to a label:
; Routine at 42745
WARNING: Could not convert address 42709 to label
WARNING: Could not convert address 43044 to label
WARNING: Comment contains addresses (42709, 43044) not converted to labels:
; Used by the routines at 42709 and 43044.
WARNING: Comment contains address (42747) not converted to a label:
; Routine at 42747
WARNING: Could not convert address 42757 to label
WARNING: Comment contains address (42757) not converted to a label:
; Used by the routine at 42757.
WARNING: Comment contains address (42757) not converted to a label:
; Routine at 42757
WARNING: Could not convert address 31023 to label
WARNING: Comment contains address (31023) not converted to a label:
; Used by the routine at 31023.
WARNING: Comment contains address (42783) not converted to a label:
; Routine at 42783
WARNING: Could not convert address 36340 to label
WARNING: Could not convert address 42803 to label
WARNING: Could not convert address 42963 to label
WARNING: Could not convert address 43201 to label
WARNING: Comment contains addresses (36340, 42803, 42963, 43201) not converted to labels:
; Used by the routines at 36340, 42803, 42963 and 43201.
WARNING: Comment contains address (42803) not converted to a label:
; Routine at 42803
WARNING: Could not convert address 30400 to label
WARNING: Could not convert address 30496 to label
WARNING: Could not convert address 32336 to label
WARNING: Could not convert address 32428 to label
WARNING: Could not convert address 32455 to label
WARNING: Could not convert address 33913 to label
WARNING: Could not convert address 42828 to label
WARNING: Could not convert address 42931 to label
WARNING: Comment contains addresses (30400, 30496, 32336, 32428, 32455, 33913, 42828) not converted to labels:
; Used by the routines at 30400, 30496, 32336, 32428, 32455, 33913, 42828 and
WARNING: Comment contains address (42931) not converted to a label:
; 42931.
WARNING: Comment contains address (42812) not converted to a label:
; Routine at 42812
WARNING: Could not convert address 32455 to label
WARNING: Could not convert address 34263 to label
WARNING: Could not convert address 36172 to label
WARNING: Could not convert address 36252 to label
WARNING: Could not convert address 36435 to label
WARNING: Could not convert address 36479 to label
WARNING: Could not convert address 36535 to label
WARNING: Could not convert address 36636 to label
WARNING: Could not convert address 36745 to label
WARNING: Could not convert address 36923 to label
WARNING: Could not convert address 42949 to label
WARNING: Could not convert address 43038 to label
WARNING: Comment contains addresses (32455, 34263, 36172, 36252, 36435, 36479, 36535) not converted to labels:
; Used by the routines at 32455, 34263, 36172, 36252, 36435, 36479, 36535,
WARNING: Comment contains addresses (36636, 36745, 36923, 42949, 43038) not converted to labels:
; 36636, 36745, 36923, 42949 and 43038.
WARNING: Could not convert address 42899 to label
WARNING: Could not convert address 42931 to label
WARNING: Comment above 42817 contains addresses (42899, 42931) not converted to labels:
; This entry point is used by the routines at 42899 and 42931.
WARNING: Comment contains address (42828) not converted to a label:
; Routine at 42828
WARNING: Could not convert address 42812 to label
WARNING: Comment contains address (42812) not converted to a label:
; Used by the routine at 42812.
WARNING: Could not convert address 42812 to label
WARNING: Could not convert address 42842 to label
WARNING: Comment above 42836 contains addresses (42812, 42842) not converted to labels:
; This entry point is used by the routines at 42812 and 42842.
WARNING: Comment contains address (42842) not converted to a label:
; Routine at 42842
WARNING: Could not convert address 42828 to label
WARNING: Comment contains address (42828) not converted to a label:
; Used by the routine at 42828.
WARNING: Comment contains address (42852) not converted to a label:
; Routine at 42852
WARNING: Could not convert address 42842 to label
WARNING: Comment contains address (42842) not converted to a label:
; Used by the routine at 42842.
WARNING: Comment contains address (42863) not converted to a label:
; Routine at 42863
WARNING: Could not convert address 42852 to label
WARNING: Comment contains address (42852) not converted to a label:
; Used by the routine at 42852.
WARNING: Comment contains address (42872) not converted to a label:
; Routine at 42872
WARNING: Could not convert address 42863 to label
WARNING: Comment contains address (42863) not converted to a label:
; Used by the routine at 42863.
WARNING: Comment contains address (42883) not converted to a label:
; Routine at 42883
WARNING: Could not convert address 42872 to label
WARNING: Comment contains address (42872) not converted to a label:
; Used by the routine at 42872.
WARNING: Comment contains address (42899) not converted to a label:
; Routine at 42899
WARNING: Could not convert address 42883 to label
WARNING: Comment contains address (42883) not converted to a label:
; Used by the routine at 42883.
WARNING: Could not convert address 42883 to label
WARNING: Comment above 42922 contains address (42883) not converted to a label:
; This entry point is used by the routine at 42883.
WARNING: Comment contains address (42931) not converted to a label:
; Routine at 42931
WARNING: Could not convert address 42899 to label
WARNING: Comment contains address (42899) not converted to a label:
; Used by the routine at 42899.
WARNING: Could not convert address 42828 to label
WARNING: Could not convert address 42852 to label
WARNING: Could not convert address 42863 to label
WARNING: Could not convert address 42872 to label
WARNING: Could not convert address 42899 to label
WARNING: Comment above 42935 contains addresses (42828, 42852, 42863, 42872) not converted to labels:
; This entry point is used by the routines at 42828, 42852, 42863, 42872 and
WARNING: Comment above 42935 contains address (42899) not converted to a label:
; 42899.
WARNING: Comment contains address (42949) not converted to a label:
; Routine at 42949
WARNING: Could not convert address 32192 to label
WARNING: Could not convert address 32277 to label
WARNING: Could not convert address 32369 to label
WARNING: Could not convert address 32455 to label
WARNING: Could not convert address 33035 to label
WARNING: Could not convert address 39502 to label
WARNING: Comment contains addresses (32192, 32277, 32369, 32455, 33035, 39502) not converted to labels:
; Used by the routines at 32192, 32277, 32369, 32455, 33035 and 39502.
WARNING: Comment contains address (42955) not converted to a label:
; Data block at 42955
WARNING: Comment contains address (42960) not converted to a label:
; Message at 42960
WARNING: Comment contains address (42963) not converted to a label:
; Routine at 42963
WARNING: Could not convert address 32309 to label
WARNING: Could not convert address 36274 to label
WARNING: Could not convert address 42863 to label
WARNING: Comment above 42965 contains addresses (32309, 36274, 42863) not converted to labels:
; This entry point is used by the routines at 32309, 36274 and 42863.
WARNING: Comment contains address (43000) not converted to a label:
; Routine at 43000
WARNING: Could not convert address 31177 to label
WARNING: Could not convert address 36636 to label
WARNING: Could not convert address 43038 to label
WARNING: Comment contains addresses (31177, 36636, 43038) not converted to labels:
; Used by the routines at 31177, 36636 and 43038.
WARNING: Comment contains address (43012) not converted to a label:
; Routine at 43012
WARNING: Could not convert address 43000 to label
WARNING: Comment contains address (43000) not converted to a label:
; Used by the routine at 43000.
WARNING: Comment contains address (43038) not converted to a label:
; Routine at 43038
WARNING: Could not convert address 34389 to label
WARNING: Could not convert address 35113 to label
WARNING: Could not convert address 36172 to label
WARNING: Could not convert address 36975 to label
WARNING: Could not convert address 37550 to label
WARNING: Could not convert address 37661 to label
WARNING: Could not convert address 37961 to label
WARNING: Could not convert address 38373 to label
WARNING: Could not convert address 39421 to label
WARNING: Could not convert address 39861 to label
WARNING: Comment contains addresses (34389, 35113, 36172, 36975, 37550, 37661, 37961) not converted to labels:
; Used by the routines at 34389, 35113, 36172, 36975, 37550, 37661, 37961,
WARNING: Comment contains addresses (38373, 39421, 39861) not converted to labels:
; 38373, 39421 and 39861.
WARNING: Comment contains address (43044) not converted to a label:
; Routine at 43044
WARNING: Could not convert address 43201 to label
WARNING: Comment contains address (43201) not converted to a label:
; Used by the routine at 43201.
WARNING: Comment contains address (43069) not converted to a label:
; Routine at 43069
WARNING: Could not convert address 33035 to label
WARNING: Could not convert address 39502 to label
WARNING: Could not convert address 39560 to label
WARNING: Comment contains addresses (33035, 39502, 39560) not converted to labels:
; Used by the routines at 33035, 39502 and 39560.
WARNING: Comment contains address (43094) not converted to a label:
; Routine at 43094
WARNING: Could not convert address 43240 to label
WARNING: Could not convert address 43614 to label
WARNING: Comment contains addresses (43240, 43614) not converted to labels:
; Used by the routines at 43240 and 43614.
WARNING: Comment contains address (43108) not converted to a label:
; Data block at 43108
WARNING: Could not convert address 43554 to label
WARNING: Could not convert address 43617 to label
WARNING: Comment contains addresses (43554, 43617) not converted to labels:
; Used by the routines at 43554 and 43617.
WARNING: Comment contains address (43118) not converted to a label:
; Message at 43118
WARNING: Comment contains address (43125) not converted to a label:
; Data block at 43125
WARNING: Comment contains address (43138) not converted to a label:
; Message at 43138
WARNING: Comment contains address (43143) not converted to a label:
; Data block at 43143
WARNING: Comment contains address (43156) not converted to a label:
; Message at 43156
WARNING: Comment contains address (43160) not converted to a label:
; Data block at 43160
WARNING: Comment contains address (43173) not converted to a label:
; Message at 43173
WARNING: Comment contains address (43179) not converted to a label:
; Data block at 43179
WARNING: Comment contains address (43182) not converted to a label:
; Message at 43182
WARNING: Comment contains address (43192) not converted to a label:
; Data block at 43192
WARNING: Comment contains address (43195) not converted to a label:
; Message at 43195
WARNING: Comment contains address (43201) not converted to a label:
; Routine at 43201
WARNING: Comment contains address (43236) not converted to a label:
; Routine at 43236
WARNING: Could not convert address 43617 to label
WARNING: Comment contains address (43617) not converted to a label:
; Used by the routine at 43617.
WARNING: Comment contains address (43240) not converted to a label:
; Routine at 43240
WARNING: Comment contains address (43315) not converted to a label:
; Routine at 43315
WARNING: Could not convert address 43554 to label
WARNING: Could not convert address 46683 to label
WARNING: Comment contains addresses (43554, 46683) not converted to labels:
; Used by the routines at 43554 and 46683.
WARNING: Comment contains address (43348) not converted to a label:
; Data block at 43348
WARNING: Comment contains address (43353) not converted to a label:
; Message at 43353
WARNING: Comment contains address (43363) not converted to a label:
; Data block at 43363
WARNING: Comment contains address (43386) not converted to a label:
; Message at 43386
WARNING: Comment contains address (43396) not converted to a label:
; Data block at 43396
WARNING: Comment contains address (43402) not converted to a label:
; Message at 43402
WARNING: Comment contains address (43406) not converted to a label:
; Data block at 43406
WARNING: Comment contains address (43412) not converted to a label:
; Message at 43412
WARNING: Comment contains address (43415) not converted to a label:
; Data block at 43415
WARNING: Comment contains address (43450) not converted to a label:
; Message at 43450
WARNING: Comment contains address (43460) not converted to a label:
; Data block at 43460
WARNING: Comment contains address (43463) not converted to a label:
; Message at 43463
WARNING: Comment contains address (43475) not converted to a label:
; Data block at 43475
WARNING: Comment contains address (43478) not converted to a label:
; Message at 43478
WARNING: Comment contains address (43493) not converted to a label:
; Data block at 43493
WARNING: Comment contains address (43496) not converted to a label:
; Message at 43496
WARNING: Comment contains address (43508) not converted to a label:
; Data block at 43508
WARNING: Comment contains address (43511) not converted to a label:
; Message at 43511
WARNING: Comment contains address (43525) not converted to a label:
; Data block at 43525
WARNING: Comment contains address (43538) not converted to a label:
; Message at 43538
WARNING: Comment contains address (43554) not converted to a label:
; Routine at 43554
WARNING: Could not convert address 43617 to label
WARNING: Comment above 43555 contains address (43617) not converted to a label:
; This entry point is used by the routine at 43617.
WARNING: Could not convert address 43617 to label
WARNING: Comment above 43564 contains address (43617) not converted to a label:
; This entry point is used by the routine at 43617.
WARNING: Comment contains address (43569) not converted to a label:
; Routine at 43569
WARNING: Could not convert address 43554 to label
WARNING: Comment above 43572 contains address (43554) not converted to a label:
; This entry point is used by the routine at 43554.
WARNING: Comment contains address (43614) not converted to a label:
; Routine at 43614
WARNING: Could not convert address 43569 to label
WARNING: Comment contains address (43569) not converted to a label:
; Used by the routine at 43569.
WARNING: Comment contains address (43617) not converted to a label:
; Routine at 43617
WARNING: Could not convert address 43569 to label
WARNING: Comment contains address (43569) not converted to a label:
; Used by the routine at 43569.
WARNING: Comment contains address (43664) not converted to a label:
; Data block at 43664
WARNING: Could not convert address 43569 to label
WARNING: Comment contains address (43569) not converted to a label:
; Used by the routine at 43569.
WARNING: Comment contains address (43685) not converted to a label:
; Message at 43685
WARNING: Comment contains address (43710) not converted to a label:
; Routine at 43710
WARNING: Comment contains address (43760) not converted to a label:
; Routine at 43760
WARNING: Could not convert address 43569 to label
WARNING: Comment contains address (43569) not converted to a label:
; Used by the routine at 43569.
WARNING: Comment contains address (43829) not converted to a label:
; Routine at 43829
WARNING: Could not convert address 43710 to label
WARNING: Comment contains address (43710) not converted to a label:
; Used by the routine at 43710.
WARNING: Comment contains address (43834) not converted to a label:
; Routine at 43834
WARNING: Could not convert address 43760 to label
WARNING: Comment contains address (43760) not converted to a label:
; Used by the routine at 43760.
WARNING: Could not convert address 43829 to label
WARNING: Comment above 43846 contains address (43829) not converted to a label:
; This entry point is used by the routine at 43829.
WARNING: Comment contains address (43860) not converted to a label:
; Data block at 43860
WARNING: Could not convert address 43834 to label
WARNING: Comment contains address (43834) not converted to a label:
; Used by the routine at 43834.
WARNING: Comment contains address (43867) not converted to a label:
; Message at 43867
WARNING: Comment contains address (43872) not converted to a label:
; Routine at 43872
WARNING: Comment contains address (43885) not converted to a label:
; Routine at 43885
WARNING: Could not convert address 43760 to label
WARNING: Comment contains address (43760) not converted to a label:
; Used by the routine at 43760.
WARNING: Comment contains address (43903) not converted to a label:
; Data block at 43903
WARNING: Could not convert address 43885 to label
WARNING: Comment contains address (43885) not converted to a label:
; Used by the routine at 43885.
WARNING: Comment contains address (43918) not converted to a label:
; Message at 43918
WARNING: Comment contains address (43921) not converted to a label:
; Data block at 43921
WARNING: Comment contains address (43937) not converted to a label:
; Message at 43937
WARNING: Comment contains address (43955) not converted to a label:
; Routine at 43955
WARNING: Comment contains address (44023) not converted to a label:
; Routine at 44023
WARNING: Comment contains address (44062) not converted to a label:
; Routine at 44062
WARNING: Could not convert address 44148 to label
WARNING: Could not convert address 44333 to label
WARNING: Could not convert address 44482 to label
WARNING: Comment contains addresses (44148, 44333, 44482) not converted to labels:
; Used by the routines at 44148, 44333 and 44482.
WARNING: Comment contains address (44074) not converted to a label:
; Routine at 44074
WARNING: Could not convert address 30440 to label
WARNING: Could not convert address 32955 to label
WARNING: Could not convert address 33035 to label
WARNING: Could not convert address 33239 to label
WARNING: Could not convert address 33626 to label
WARNING: Could not convert address 33655 to label
WARNING: Could not convert address 36535 to label
WARNING: Could not convert address 38373 to label
WARNING: Comment contains addresses (30440, 32955, 33035, 33239, 33626, 33655, 36535) not converted to labels:
; Used by the routines at 30440, 32955, 33035, 33239, 33626, 33655, 36535 and
WARNING: Comment contains address (38373) not converted to a label:
; 38373.
WARNING: Comment contains address (44103) not converted to a label:
; Routine at 44103
WARNING: Comment contains address (44148) not converted to a label:
; Routine at 44148
WARNING: Could not convert address 32192 to label
WARNING: Could not convert address 32369 to label
WARNING: Could not convert address 32455 to label
WARNING: Could not convert address 32955 to label
WARNING: Could not convert address 33035 to label
WARNING: Comment contains addresses (32192, 32369, 32455, 32955, 33035) not converted to labels:
; Used by the routines at 32192, 32369, 32455, 32955 and 33035.
WARNING: Comment contains address (44243) not converted to a label:
; Routine at 44243
WARNING: Could not convert address 30695 to label
WARNING: Could not convert address 30774 to label
WARNING: Comment contains addresses (30695, 30774) not converted to labels:
; Used by the routines at 30695 and 30774.
WARNING: Comment contains address (44267) not converted to a label:
; Routine at 44267
WARNING: Could not convert address 30695 to label
WARNING: Could not convert address 30774 to label
WARNING: Could not convert address 44103 to label
WARNING: Could not convert address 44148 to label
WARNING: Comment contains addresses (30695, 30774, 44103, 44148) not converted to labels:
; Used by the routines at 30695, 30774, 44103 and 44148.
WARNING: Comment contains address (44283) not converted to a label:
; Routine at 44283
WARNING: Could not convert address 44286 to label
WARNING: Comment contains address (44286) not converted to a label:
; Used by the routine at 44286.
WARNING: Comment contains address (44286) not converted to a label:
; Routine at 44286
WARNING: Could not convert address 30440 to label
WARNING: Could not convert address 30496 to label
WARNING: Could not convert address 30680 to label
WARNING: Could not convert address 30774 to label
WARNING: Could not convert address 30974 to label
WARNING: Could not convert address 32152 to label
WARNING: Could not convert address 32336 to label
WARNING: Could not convert address 32428 to label
WARNING: Could not convert address 32455 to label
WARNING: Could not convert address 33035 to label
WARNING: Could not convert address 33913 to label
WARNING: Could not convert address 36340 to label
WARNING: Could not convert address 36636 to label
WARNING: Could not convert address 36975 to label
WARNING: Could not convert address 37661 to label
WARNING: Could not convert address 39502 to label
WARNING: Could not convert address 39560 to label
WARNING: Could not convert address 42852 to label
WARNING: Could not convert address 42872 to label
WARNING: Could not convert address 42883 to label
WARNING: Could not convert address 42899 to label
WARNING: Could not convert address 42931 to label
WARNING: Could not convert address 43069 to label
WARNING: Could not convert address 44267 to label
WARNING: Could not convert address 44748 to label
WARNING: Could not convert address 44809 to label
WARNING: Could not convert address 44829 to label
WARNING: Comment contains addresses (30440, 30496, 30680, 30774, 30974, 32152, 32336) not converted to labels:
; Used by the routines at 30440, 30496, 30680, 30774, 30974, 32152, 32336,
WARNING: Comment contains addresses (32428, 32455, 33035, 33913, 36340, 36636, 36975, 37661, 39502, 39560, 42852) not converted to labels:
; 32428, 32455, 33035, 33913, 36340, 36636, 36975, 37661, 39502, 39560, 42852,
WARNING: Comment contains addresses (42872, 42883, 42899, 42931, 43069, 44267, 44748, 44809, 44829) not converted to labels:
; 42872, 42883, 42899, 42931, 43069, 44267, 44748, 44809 and 44829.
WARNING: Comment contains address (44299) not converted to a label:
; Routine at 44299
WARNING: Could not convert address 44283 to label
WARNING: Comment contains address (44283) not converted to a label:
; Used by the routine at 44283.
WARNING: Could not convert address 44148 to label
WARNING: Could not convert address 44588 to label
WARNING: Could not convert address 44600 to label
WARNING: Could not convert address 44633 to label
WARNING: Could not convert address 44714 to label
WARNING: Comment above 44319 contains addresses (44148, 44588, 44600, 44633) not converted to labels:
; This entry point is used by the routines at 44148, 44588, 44600, 44633 and
WARNING: Comment above 44319 contains address (44714) not converted to a label:
; 44714.
WARNING: Comment contains address (44326) not converted to a label:
; Data block at 44326
WARNING: Could not convert address 44455 to label
WARNING: Could not convert address 44600 to label
WARNING: Could not convert address 44725 to label
WARNING: Comment contains addresses (44455, 44600, 44725) not converted to labels:
; Used by the routines at 44455, 44600 and 44725.
WARNING: Comment contains address (44333) not converted to a label:
; Routine at 44333
WARNING: Comment contains address (44412) not converted to a label:
; Routine at 44412
WARNING: Could not convert address 44455 to label
WARNING: Could not convert address 44725 to label
WARNING: Comment contains addresses (44455, 44725) not converted to labels:
; Used by the routines at 44455 and 44725.
WARNING: Could not convert address 44633 to label
WARNING: Comment above 44416 contains address (44633) not converted to a label:
; This entry point is used by the routine at 44633.
WARNING: Comment contains address (44455) not converted to a label:
; Routine at 44455
WARNING: Could not convert address 44299 to label
WARNING: Could not convert address 44569 to label
WARNING: Comment contains addresses (44299, 44569) not converted to labels:
; Used by the routines at 44299 and 44569.
WARNING: Could not convert address 44588 to label
WARNING: Could not convert address 44633 to label
WARNING: Comment above 44461 contains addresses (44588, 44633) not converted to labels:
; This entry point is used by the routines at 44588 and 44633.
WARNING: Comment contains address (44471) not converted to a label:
; Routine at 44471
WARNING: Could not convert address 44412 to label
WARNING: Comment contains address (44412) not converted to a label:
; Used by the routine at 44412.
WARNING: Comment contains address (44482) not converted to a label:
; Routine at 44482
WARNING: Could not convert address 44471 to label
WARNING: Comment above 44530 contains address (44471) not converted to a label:
; This entry point is used by the routine at 44471.
WARNING: Comment contains address (44569) not converted to a label:
; Routine at 44569
WARNING: Could not convert address 44299 to label
WARNING: Comment contains address (44299) not converted to a label:
; Used by the routine at 44299.
WARNING: Comment contains address (44588) not converted to a label:
; Routine at 44588
WARNING: Could not convert address 44569 to label
WARNING: Comment contains address (44569) not converted to a label:
; Used by the routine at 44569.
WARNING: Comment contains address (44600) not converted to a label:
; Routine at 44600
WARNING: Could not convert address 44569 to label
WARNING: Comment contains address (44569) not converted to a label:
; Used by the routine at 44569.
WARNING: Could not convert address 44624 to label
WARNING: Could not convert address 44648 to label
WARNING: Could not convert address 44658 to label
WARNING: Could not convert address 44666 to label
WARNING: Could not convert address 44692 to label
WARNING: Could not convert address 44714 to label
WARNING: Comment above 44618 contains addresses (44624, 44648, 44658, 44666, 44692) not converted to labels:
; This entry point is used by the routines at 44624, 44648, 44658, 44666, 44692
WARNING: Comment above 44618 contains address (44714) not converted to a label:
; and 44714.
WARNING: Comment contains address (44624) not converted to a label:
; Routine at 44624
WARNING: Comment contains address (44633) not converted to a label:
; Routine at 44633
WARNING: Comment contains address (44648) not converted to a label:
; Routine at 44648
WARNING: Could not convert address 44600 to label
WARNING: Comment contains address (44600) not converted to a label:
; Used by the routine at 44600.
WARNING: Comment contains address (44658) not converted to a label:
; Routine at 44658
WARNING: Could not convert address 44677 to label
WARNING: Could not convert address 44725 to label
WARNING: Comment above 44661 contains addresses (44677, 44725) not converted to labels:
; This entry point is used by the routines at 44677 and 44725.
WARNING: Comment contains address (44666) not converted to a label:
; Routine at 44666
WARNING: Could not convert address 44648 to label
WARNING: Comment contains address (44648) not converted to a label:
; Used by the routine at 44648.
WARNING: Comment contains address (44677) not converted to a label:
; Routine at 44677
WARNING: Could not convert address 44703 to label
WARNING: Comment above 44685 contains address (44703) not converted to a label:
; This entry point is used by the routine at 44703.
WARNING: Comment contains address (44692) not converted to a label:
; Routine at 44692
WARNING: Could not convert address 44666 to label
WARNING: Comment contains address (44666) not converted to a label:
; Used by the routine at 44666.
WARNING: Comment contains address (44703) not converted to a label:
; Routine at 44703
WARNING: Comment contains address (44714) not converted to a label:
; Routine at 44714
WARNING: Could not convert address 44692 to label
WARNING: Comment contains address (44692) not converted to a label:
; Used by the routine at 44692.
WARNING: Comment contains address (44725) not converted to a label:
; Routine at 44725
WARNING: Comment contains address (44748) not converted to a label:
; Routine at 44748
WARNING: Could not convert address 32152 to label
WARNING: Could not convert address 44768 to label
WARNING: Could not convert address 44840 to label
WARNING: Comment contains addresses (32152, 44768, 44840) not converted to labels:
; Used by the routines at 32152, 44768 and 44840.
WARNING: Comment contains address (44768) not converted to a label:
; Routine at 44768
WARNING: Could not convert address 32192 to label
WARNING: Could not convert address 32369 to label
WARNING: Could not convert address 32455 to label
WARNING: Could not convert address 32598 to label
WARNING: Could not convert address 32955 to label
WARNING: Could not convert address 33626 to label
WARNING: Could not convert address 33655 to label
WARNING: Could not convert address 33889 to label
WARNING: Could not convert address 33913 to label
WARNING: Could not convert address 39560 to label
WARNING: Comment contains addresses (32192, 32369, 32455, 32598, 32955, 33626, 33655) not converted to labels:
; Used by the routines at 32192, 32369, 32455, 32598, 32955, 33626, 33655,
WARNING: Comment contains addresses (33889, 33913, 39560) not converted to labels:
; 33889, 33913 and 39560.
WARNING: Comment contains address (44773) not converted to a label:
; Routine at 44773
WARNING: Could not convert address 30748 to label
WARNING: Could not convert address 36340 to label
WARNING: Could not convert address 42734 to label
WARNING: Could not convert address 42803 to label
WARNING: Could not convert address 42963 to label
WARNING: Comment contains addresses (30748, 36340, 42734, 42803, 42963) not converted to labels:
; Used by the routines at 30748, 36340, 42734, 42803 and 42963.
WARNING: Could not convert address 44829 to label
WARNING: Comment above 44777 contains address (44829) not converted to a label:
; This entry point is used by the routine at 44829.
WARNING: Comment contains address (44787) not converted to a label:
; Routine at 44787
WARNING: Could not convert address 44773 to label
WARNING: Comment above 44792 contains address (44773) not converted to a label:
; This entry point is used by the routine at 44773.
WARNING: Comment contains address (44809) not converted to a label:
; Routine at 44809
WARNING: Could not convert address 44787 to label
WARNING: Comment contains address (44787) not converted to a label:
; Used by the routine at 44787.
WARNING: Comment contains address (44829) not converted to a label:
; Routine at 44829
WARNING: Could not convert address 44809 to label
WARNING: Comment above 44834 contains address (44809) not converted to a label:
; This entry point is used by the routine at 44809.
WARNING: Comment contains address (44840) not converted to a label:
; Routine at 44840
WARNING: Could not convert address 44809 to label
WARNING: Comment contains address (44809) not converted to a label:
; Used by the routine at 44809.
WARNING: Comment contains address (44848) not converted to a label:
; Data block at 44848
WARNING: Comment contains address (45298) not converted to a label:
; Routine at 45298
WARNING: Comment contains address (45318) not converted to a label:
; Routine at 45318
WARNING: Comment contains address (45354) not converted to a label:
; Routine at 45354
WARNING: Comment contains address (45358) not converted to a label:
; Data block at 45358
WARNING: Comment contains address (45401) not converted to a label:
; Message at 45401
WARNING: Comment contains address (45404) not converted to a label:
; Data block at 45404
WARNING: Comment contains address (45409) not converted to a label:
; Message at 45409
WARNING: Comment contains address (45412) not converted to a label:
; Data block at 45412
WARNING: Comment contains address (45433) not converted to a label:
; Message at 45433
WARNING: Comment contains address (45436) not converted to a label:
; Data block at 45436
WARNING: Comment contains address (45476) not converted to a label:
; Message at 45476
WARNING: Comment contains address (45479) not converted to a label:
; Data block at 45479
WARNING: Comment contains address (45577) not converted to a label:
; Message at 45577
WARNING: Comment contains address (45580) not converted to a label:
; Data block at 45580
WARNING: Comment contains address (45611) not converted to a label:
; Routine at 45611
WARNING: Comment contains address (45683) not converted to a label:
; Data block at 45683
WARNING: Comment contains address (45691) not converted to a label:
; Message at 45691
WARNING: Comment contains address (45699) not converted to a label:
; Data block at 45699
WARNING: Comment contains address (45704) not converted to a label:
; Message at 45704
WARNING: Comment contains address (45715) not converted to a label:
; Data block at 45715
WARNING: Comment contains address (45724) not converted to a label:
; Message at 45724
WARNING: Comment contains address (45727) not converted to a label:
; Data block at 45727
WARNING: Comment contains address (45728) not converted to a label:
; Message at 45728
WARNING: Comment contains address (45731) not converted to a label:
; Data block at 45731
WARNING: Comment contains address (45741) not converted to a label:
; Message at 45741
WARNING: Comment contains address (45744) not converted to a label:
; Data block at 45744
WARNING: Comment contains address (45749) not converted to a label:
; Message at 45749
WARNING: Comment contains address (45752) not converted to a label:
; Data block at 45752
WARNING: Comment contains address (45907) not converted to a label:
; Message at 45907
WARNING: Comment contains address (45911) not converted to a label:
; Data block at 45911
WARNING: Comment contains address (45912) not converted to a label:
; Message at 45912
WARNING: Comment contains address (45916) not converted to a label:
; Data block at 45916
WARNING: Comment contains address (45917) not converted to a label:
; Message at 45917
WARNING: Comment contains address (45921) not converted to a label:
; Data block at 45921
WARNING: Comment contains address (46000) not converted to a label:
; Message at 46000
WARNING: Comment contains address (46011) not converted to a label:
; Data block at 46011
WARNING: Comment contains address (46020) not converted to a label:
; Message at 46020
WARNING: Comment contains address (46023) not converted to a label:
; Data block at 46023
WARNING: Comment contains address (46024) not converted to a label:
; Message at 46024
WARNING: Comment contains address (46027) not converted to a label:
; Data block at 46027
WARNING: Comment contains address (46052) not converted to a label:
; Message at 46052
WARNING: Comment contains address (46055) not converted to a label:
; Data block at 46055
WARNING: Comment contains address (46104) not converted to a label:
; Message at 46104
WARNING: Comment contains address (46107) not converted to a label:
; Data block at 46107
WARNING: Comment contains address (46115) not converted to a label:
; Message at 46115
WARNING: Comment contains address (46119) not converted to a label:
; Data block at 46119
WARNING: Comment contains address (46121) not converted to a label:
; Message at 46121
WARNING: Comment contains address (46125) not converted to a label:
; Data block at 46125
WARNING: Comment contains address (46132) not converted to a label:
; Message at 46132
WARNING: Comment contains address (46135) not converted to a label:
; Data block at 46135
WARNING: Comment contains address (46136) not converted to a label:
; Message at 46136
WARNING: Comment contains address (46141) not converted to a label:
; Data block at 46141
WARNING: Comment contains address (46156) not converted to a label:
; Routine at 46156
WARNING: Could not convert address 34709 to label
WARNING: Comment contains address (34709) not converted to a label:
; Used by the routine at 34709.
WARNING: Comment contains address (46159) not converted to a label:
; Data block at 46159
WARNING: Comment contains address (46172) not converted to a label:
; Routine at 46172
WARNING: Could not convert address 38920 to label
WARNING: Comment above 46180 contains address (38920) not converted to a label:
; This entry point is used by the routine at 38920.
WARNING: Comment contains address (46183) not converted to a label:
; Data block at 46183
WARNING: Comment contains address (46382) not converted to a label:
; Message at 46382
WARNING: Comment contains address (46393) not converted to a label:
; Data block at 46393
WARNING: Comment contains address (46396) not converted to a label:
; Message at 46396
WARNING: Comment contains address (46415) not converted to a label:
; Data block at 46415
WARNING: Comment contains address (46418) not converted to a label:
; Message at 46418
WARNING: Comment contains address (46434) not converted to a label:
; Data block at 46434
WARNING: Comment contains address (46437) not converted to a label:
; Message at 46437
WARNING: Comment contains address (46457) not converted to a label:
; Data block at 46457
WARNING: Comment contains address (46460) not converted to a label:
; Message at 46460
WARNING: Comment contains address (46476) not converted to a label:
; Data block at 46476
WARNING: Comment contains address (46479) not converted to a label:
; Message at 46479
WARNING: Comment contains address (46507) not converted to a label:
; Data block at 46507
WARNING: Comment contains address (46510) not converted to a label:
; Message at 46510
WARNING: Comment contains address (46532) not converted to a label:
; Data block at 46532
WARNING: Comment contains address (46535) not converted to a label:
; Message at 46535
WARNING: Comment contains address (46562) not converted to a label:
; Data block at 46562
WARNING: Comment contains address (46565) not converted to a label:
; Message at 46565
WARNING: Comment contains address (46585) not converted to a label:
; Data block at 46585
WARNING: Comment contains address (46588) not converted to a label:
; Message at 46588
WARNING: Comment contains address (46606) not converted to a label:
; Data block at 46606
WARNING: Comment contains address (46609) not converted to a label:
; Message at 46609
WARNING: Comment contains address (46632) not converted to a label:
; Data block at 46632
WARNING: Comment contains address (46635) not converted to a label:
; Message at 46635
WARNING: Comment contains address (46658) not converted to a label:
; Data block at 46658
WARNING: Comment contains address (46661) not converted to a label:
; Message at 46661
WARNING: Comment contains address (46683) not converted to a label:
; Routine at 46683
WARNING: Comment contains address (47000) not converted to a label:
; Routine at 47000
WARNING: Comment contains address (47003) not converted to a label:
; Routine at 47003
WARNING: Could not convert address 47000 to label
WARNING: Comment above 47007 contains address (47000) not converted to a label:
; This entry point is used by the routine at 47000.
WARNING: Comment contains address (47024) not converted to a label:
; Routine at 47024
WARNING: Comment contains address (47034) not converted to a label:
; Routine at 47034
WARNING: Comment contains address (47049) not converted to a label:
; Data block at 47049
WARNING: Comment contains address (47063) not converted to a label:
; Routine at 47063
WARNING: Could not convert address 47246 to label
WARNING: Comment above 47067 contains address (47246) not converted to a label:
; This entry point is used by the routine at 47246.
WARNING: Comment contains address (47086) not converted to a label:
; Routine at 47086
WARNING: Could not convert address 47003 to label
WARNING: Comment contains address (47003) not converted to a label:
; Used by the routine at 47003.
WARNING: Comment contains address (47119) not converted to a label:
; Routine at 47119
WARNING: Could not convert address 47086 to label
WARNING: Comment contains address (47086) not converted to a label:
; Used by the routine at 47086.
WARNING: Could not convert address 34006 to label
WARNING: Comment above 47221 contains address (34006) not converted to a label:
; This entry point is used by the routine at 34006.
WARNING: Comment contains address (47225) not converted to a label:
; Routine at 47225
WARNING: Could not convert address 47246 to label
WARNING: Comment contains address (47246) not converted to a label:
; Used by the routine at 47246.
WARNING: Comment contains address (47236) not converted to a label:
; Routine at 47236
WARNING: Could not convert address 47225 to label
WARNING: Comment contains address (47225) not converted to a label:
; Used by the routine at 47225.
WARNING: Comment contains address (47246) not converted to a label:
; Routine at 47246
WARNING: Could not convert address 47225 to label
WARNING: Comment contains address (47225) not converted to a label:
; Used by the routine at 47225.
WARNING: Could not convert address 47225 to label
WARNING: Comment above 47251 contains address (47225) not converted to a label:
; This entry point is used by the routine at 47225.
WARNING: Could not convert address 47236 to label
WARNING: Comment above 47253 contains address (47236) not converted to a label:
; This entry point is used by the routine at 47236.
WARNING: Could not convert address 47119 to label
WARNING: Comment above 47257 contains address (47119) not converted to a label:
; This entry point is used by the routine at 47119.
WARNING: Could not convert address 47364 to label
WARNING: Could not convert address 47370 to label
WARNING: Could not convert address 47405 to label
WARNING: Could not convert address 47576 to label
WARNING: Could not convert address 47663 to label
WARNING: Could not convert address 47789 to label
WARNING: Could not convert address 47809 to label
WARNING: Comment above 47259 contains addresses (47364, 47370, 47405, 47576) not converted to labels:
; This entry point is used by the routines at 47364, 47370, 47405, 47576,
WARNING: Comment above 47259 contains addresses (47663, 47789, 47809) not converted to labels:
; 47663, 47789 and 47809.
WARNING: Comment contains address (47290) not converted to a label:
; Routine at 47290
WARNING: Could not convert address 47246 to label
WARNING: Comment contains address (47246) not converted to a label:
; Used by the routine at 47246.
WARNING: Comment contains address (47323) not converted to a label:
; Routine at 47323
WARNING: Could not convert address 47119 to label
WARNING: Comment contains address (47119) not converted to a label:
; Used by the routine at 47119.
WARNING: Could not convert address 47119 to label
WARNING: Comment above 47327 contains address (47119) not converted to a label:
; This entry point is used by the routine at 47119.
WARNING: Comment contains address (47357) not converted to a label:
; Routine at 47357
WARNING: Could not convert address 47246 to label
WARNING: Comment contains address (47246) not converted to a label:
; Used by the routine at 47246.
WARNING: Comment contains address (47364) not converted to a label:
; Routine at 47364
WARNING: Could not convert address 47405 to label
WARNING: Could not convert address 47663 to label
WARNING: Could not convert address 47697 to label
WARNING: Comment contains addresses (47405, 47663, 47697) not converted to labels:
; Used by the routines at 47405, 47663 and 47697.
WARNING: Comment contains address (47370) not converted to a label:
; Routine at 47370
WARNING: Could not convert address 47357 to label
WARNING: Comment contains address (47357) not converted to a label:
; Used by the routine at 47357.
WARNING: Could not convert address 47385 to label
WARNING: Comment above 47381 contains address (47385) not converted to a label:
; This entry point is used by the routine at 47385.
WARNING: Comment contains address (47385) not converted to a label:
; Routine at 47385
WARNING: Could not convert address 47370 to label
WARNING: Comment contains address (47370) not converted to a label:
; Used by the routine at 47370.
WARNING: Comment contains address (47405) not converted to a label:
; Routine at 47405
WARNING: Comment contains address (47576) not converted to a label:
; Routine at 47576
WARNING: Comment contains address (47663) not converted to a label:
; Routine at 47663
WARNING: Could not convert address 47576 to label
WARNING: Comment contains address (47576) not converted to a label:
; Used by the routine at 47576.
WARNING: Comment contains address (47697) not converted to a label:
; Routine at 47697
WARNING: Comment contains address (47789) not converted to a label:
; Routine at 47789
WARNING: Could not convert address 47697 to label
WARNING: Comment contains address (47697) not converted to a label:
; Used by the routine at 47697.
WARNING: Comment contains address (47809) not converted to a label:
; Routine at 47809
WARNING: Comment contains address (47819) not converted to a label:
; Routine at 47819
WARNING: Comment contains address (47820) not converted to a label:
; Routine at 47820
WARNING: Could not convert address 47034 to label
WARNING: Comment above 47821 contains address (47034) not converted to a label:
; This entry point is used by the routine at 47034.
WARNING: Comment contains address (47881) not converted to a label:
; Routine at 47881
WARNING: Could not convert address 47951 to label
WARNING: Comment contains address (47951) not converted to a label:
; Used by the routine at 47951.
WARNING: Could not convert address 47916 to label
WARNING: Comment above 47888 contains address (47916) not converted to a label:
; This entry point is used by the routine at 47916.
WARNING: Could not convert address 47820 to label
WARNING: Comment above 47890 contains address (47820) not converted to a label:
; This entry point is used by the routine at 47820.
WARNING: Comment contains address (47906) not converted to a label:
; Routine at 47906
WARNING: Could not convert address 47881 to label
WARNING: Comment contains address (47881) not converted to a label:
; Used by the routine at 47881.
WARNING: Comment contains address (47916) not converted to a label:
; Routine at 47916
WARNING: Could not convert address 47881 to label
WARNING: Comment contains address (47881) not converted to a label:
; Used by the routine at 47881.
WARNING: Comment contains address (47926) not converted to a label:
; Routine at 47926
WARNING: Could not convert address 47951 to label
WARNING: Comment contains address (47951) not converted to a label:
; Used by the routine at 47951.
WARNING: Comment contains address (47940) not converted to a label:
; Routine at 47940
WARNING: Could not convert address 47926 to label
WARNING: Comment contains address (47926) not converted to a label:
; Used by the routine at 47926.
WARNING: Comment contains address (47951) not converted to a label:
; Routine at 47951
WARNING: Could not convert address 47926 to label
WARNING: Could not convert address 47940 to label
WARNING: Comment contains addresses (47926, 47940) not converted to labels:
; Used by the routines at 47926 and 47940.
WARNING: Could not convert address 47906 to label
WARNING: Comment above 47972 contains address (47906) not converted to a label:
; This entry point is used by the routine at 47906.
WARNING: Comment contains address (47992) not converted to a label:
; Routine at 47992
WARNING: Comment contains address (48050) not converted to a label:
; Routine at 48050
WARNING: Could not convert address 48112 to label
WARNING: Comment above 48110 contains address (48112) not converted to a label:
; This entry point is used by the routine at 48112.
WARNING: Comment contains address (48112) not converted to a label:
; Routine at 48112
WARNING: Could not convert address 48050 to label
WARNING: Comment above 48118 contains address (48050) not converted to a label:
; This entry point is used by the routine at 48050.
WARNING: Could not convert address 48303 to label
WARNING: Comment above 48200 contains address (48303) not converted to a label:
; This entry point is used by the routine at 48303.
WARNING: Could not convert address 48325 to label
WARNING: Comment above 48203 contains address (48325) not converted to a label:
; This entry point is used by the routine at 48325.
WARNING: Could not convert address 48329 to label
WARNING: Comment above 48207 contains address (48329) not converted to a label:
; This entry point is used by the routine at 48329.
WARNING: Comment contains address (48244) not converted to a label:
; Routine at 48244
WARNING: Could not convert address 48112 to label
WARNING: Comment above 48253 contains address (48112) not converted to a label:
; This entry point is used by the routine at 48112.
WARNING: Could not convert address 48112 to label
WARNING: Comment above 48262 contains address (48112) not converted to a label:
; This entry point is used by the routine at 48112.
WARNING: Comment contains address (48276) not converted to a label:
; Data block at 48276
WARNING: Comment contains address (48303) not converted to a label:
; Routine at 48303
WARNING: Comment contains address (48325) not converted to a label:
; Routine at 48325
WARNING: Comment contains address (48329) not converted to a label:
; Routine at 48329
WARNING: Comment contains address (48333) not converted to a label:
; Data block at 48333
WARNING: Comment contains address (48614) not converted to a label:
; Routine at 48614
WARNING: Comment contains address (48642) not converted to a label:
; Routine at 48642
WARNING: Comment contains address (48644) not converted to a label:
; Data block at 48644
WARNING: Comment contains address (48686) not converted to a label:
; Routine at 48686
WARNING: Could not convert address 48614 to label
WARNING: Comment contains address (48614) not converted to a label:
; Used by the routine at 48614.
WARNING: Could not convert address 48642 to label
WARNING: Comment above 48690 contains address (48642) not converted to a label:
; This entry point is used by the routine at 48642.
WARNING: Comment contains address (48692) not converted to a label:
; Data block at 48692
WARNING: Comment contains address (49066) not converted to a label:
; Routine at 49066
WARNING: Comment contains address (49080) not converted to a label:
; Data block at 49080
WARNING: Comment contains address (49671) not converted to a label:
; Routine at 49671
WARNING: Comment contains address (49708) not converted to a label:
; Data block at 49708
WARNING: Could not convert address 49671 to label
WARNING: Comment contains address (49671) not converted to a label:
; Used by the routine at 49671.
WARNING: Comment contains address (49782) not converted to a label:
; Routine at 49782
WARNING: Comment contains address (49825) not converted to a label:
; Data block at 49825
WARNING: Could not convert address 49782 to label
WARNING: Comment contains address (49782) not converted to a label:
; Used by the routine at 49782.
WARNING: Comment contains address (49925) not converted to a label:
; Routine at 49925
WARNING: Comment contains address (49948) not converted to a label:
; Data block at 49948
WARNING: Could not convert address 49925 to label
WARNING: Comment contains address (49925) not converted to a label:
; Used by the routine at 49925.
WARNING: Comment contains address (50197) not converted to a label:
; Routine at 50197
WARNING: Comment contains address (50228) not converted to a label:
; Data block at 50228
WARNING: Comment contains address (50335) not converted to a label:
; Message at 50335
WARNING: Comment contains address (50339) not converted to a label:
; Data block at 50339
WARNING: Comment contains address (50443) not converted to a label:
; Routine at 50443
WARNING: Comment contains address (50474) not converted to a label:
; Data block at 50474
WARNING: Comment contains address (50661) not converted to a label:
; Routine at 50661
WARNING: Comment contains address (50674) not converted to a label:
; Routine at 50674
WARNING: Could not convert address 50661 to label
WARNING: Comment above 50691 contains address (50661) not converted to a label:
; This entry point is used by the routine at 50661.
WARNING: Comment contains address (50755) not converted to a label:
; Data block at 50755
WARNING: Comment contains address (50927) not converted to a label:
; Routine at 50927
WARNING: Comment contains address (50954) not converted to a label:
; Data block at 50954
WARNING: Could not convert address 50927 to label
WARNING: Comment contains address (50927) not converted to a label:
; Used by the routine at 50927.
WARNING: Comment contains address (51026) not converted to a label:
; Routine at 51026
WARNING: Comment contains address (51079) not converted to a label:
; Data block at 51079
WARNING: Comment contains address (51088) not converted to a label:
; Routine at 51088
WARNING: Could not convert address 51120 to label
WARNING: Comment above 51115 contains address (51120) not converted to a label:
; This entry point is used by the routine at 51120.
WARNING: Comment contains address (51120) not converted to a label:
; Routine at 51120
WARNING: Comment contains address (51147) not converted to a label:
; Data block at 51147
WARNING: Could not convert address 51120 to label
WARNING: Comment contains address (51120) not converted to a label:
; Used by the routine at 51120.
WARNING: Comment contains address (51377) not converted to a label:
; Message at 51377
WARNING: Comment contains address (51380) not converted to a label:
; Data block at 51380
WARNING: Comment contains address (51460) not converted to a label:
; Routine at 51460
WARNING: Comment contains address (51472) not converted to a label:
; Data block at 51472
WARNING: Comment contains address (51700) not converted to a label:
; Routine at 51700
WARNING: Comment contains address (51727) not converted to a label:
; Data block at 51727
WARNING: Comment contains address (51913) not converted to a label:
; Routine at 51913
WARNING: Comment contains address (51948) not converted to a label:
; Routine at 51948
WARNING: Could not convert address 51948 to label
WARNING: Comment contains address (51948) not converted to a label:
; Used by the routine at 51948.
WARNING: Comment contains address (51953) not converted to a label:
; Routine at 51953
WARNING: Comment contains address (51960) not converted to a label:
; Data block at 51960
WARNING: Could not convert address 51953 to label
WARNING: Comment contains address (51953) not converted to a label:
; Used by the routine at 51953.
WARNING: Comment contains address (53739) not converted to a label:
; Message at 53739
WARNING: Comment contains address (53743) not converted to a label:
; Data block at 53743
WARNING: Comment contains address (54659) not converted to a label:
; Routine at 54659
WARNING: Comment contains address (54675) not converted to a label:
; Data block at 54675
WARNING: Comment contains address (54678) not converted to a label:
; Routine at 54678
WARNING: Comment contains address (54710) not converted to a label:
; Data block at 54710
WARNING: Comment contains address (54747) not converted to a label:
; Message at 54747
WARNING: Comment contains address (54752) not converted to a label:
; Data block at 54752
WARNING: Could not convert address 54659 to label
WARNING: Comment contains address (54659) not converted to a label:
; Used by the routine at 54659.
WARNING: Comment contains address (54815) not converted to a label:
; Message at 54815
WARNING: Comment contains address (54818) not converted to a label:
; Data block at 54818
WARNING: Comment contains address (54861) not converted to a label:
; Routine at 54861
WARNING: Comment contains address (54886) not converted to a label:
; Routine at 54886
WARNING: Comment contains address (54891) not converted to a label:
; Data block at 54891
WARNING: Comment contains address (54912) not converted to a label:
; Routine at 54912
WARNING: Comment contains address (54928) not converted to a label:
; Data block at 54928
WARNING: Comment contains address (55037) not converted to a label:
; Message at 55037
WARNING: Comment contains address (55040) not converted to a label:
; Data block at 55040
WARNING: Comment contains address (55129) not converted to a label:
; Routine at 55129
WARNING: Comment contains address (55140) not converted to a label:
; Data block at 55140
WARNING: Comment contains address (55415) not converted to a label:
; Message at 55415
WARNING: Comment contains address (55419) not converted to a label:
; Data block at 55419
WARNING: Comment contains address (55499) not converted to a label:
; Message at 55499
WARNING: Comment contains address (55502) not converted to a label:
; Data block at 55502
WARNING: Comment contains address (55527) not converted to a label:
; Routine at 55527
WARNING: Comment contains address (55586) not converted to a label:
; Data block at 55586
WARNING: Comment contains address (55743) not converted to a label:
; Routine at 55743
WARNING: Comment contains address (55795) not converted to a label:
; Data block at 55795
WARNING: Comment contains address (55822) not converted to a label:
; Routine at 55822
WARNING: Comment contains address (55829) not converted to a label:
; Data block at 55829
WARNING: Comment contains address (55830) not converted to a label:
; Routine at 55830
WARNING: Comment contains address (55866) not converted to a label:
; Data block at 55866
WARNING: Comment contains address (56023) not converted to a label:
; Routine at 56023
WARNING: Comment contains address (56031) not converted to a label:
; Data block at 56031
WARNING: Comment contains address (56158) not converted to a label:
; Message at 56158
WARNING: Comment contains address (56161) not converted to a label:
; Data block at 56161
WARNING: Comment contains address (56350) not converted to a label:
; Routine at 56350
WARNING: Comment contains address (56364) not converted to a label:
; Routine at 56364
WARNING: Could not convert address 56398 to label
WARNING: Comment above 56368 contains address (56398) not converted to a label:
; This entry point is used by the routine at 56398.
WARNING: Could not convert address 56350 to label
WARNING: Comment above 56376 contains address (56350) not converted to a label:
; This entry point is used by the routine at 56350.
WARNING: Comment contains address (56379) not converted to a label:
; Routine at 56379
WARNING: Comment contains address (56398) not converted to a label:
; Routine at 56398
WARNING: Comment contains address (56412) not converted to a label:
; Data block at 56412
WARNING: Comment contains address (56990) not converted to a label:
; Message at 56990
WARNING: Comment contains address (56994) not converted to a label:
; Data block at 56994
WARNING: Comment contains address (56998) not converted to a label:
; Message at 56998
WARNING: Comment contains address (57002) not converted to a label:
; Data block at 57002
WARNING: Comment contains address (57236) not converted to a label:
; Message at 57236
WARNING: Comment contains address (57239) not converted to a label:
; Data block at 57239
WARNING: Comment contains address (57332) not converted to a label:
; Message at 57332
WARNING: Comment contains address (57335) not converted to a label:
; Data block at 57335
WARNING: Comment contains address (57617) not converted to a label:
; Routine at 57617
WARNING: Comment contains address (57627) not converted to a label:
; Routine at 57627
WARNING: Comment contains address (57630) not converted to a label:
; Routine at 57630
WARNING: Comment contains address (57644) not converted to a label:
; Routine at 57644
WARNING: Could not convert address 57666 to label
WARNING: Comment above 57664 contains address (57666) not converted to a label:
; This entry point is used by the routine at 57666.
WARNING: Comment contains address (57666) not converted to a label:
; Routine at 57666
WARNING: Comment contains address (57668) not converted to a label:
; Data block at 57668
WARNING: Comment contains address (57681) not converted to a label:
; Routine at 57681
WARNING: Comment contains address (57705) not converted to a label:
; Data block at 57705
WARNING: Comment contains address (57854) not converted to a label:
; Routine at 57854
WARNING: Comment contains address (57866) not converted to a label:
; Data block at 57866
WARNING: Comment contains address (57876) not converted to a label:
; Message at 57876
WARNING: Could not convert address 57854 to label
WARNING: Comment contains address (57854) not converted to a label:
; Used by the routine at 57854.
WARNING: Comment contains address (57879) not converted to a label:
; Data block at 57879
WARNING: Comment contains address (57978) not converted to a label:
; Message at 57978
WARNING: Comment contains address (57981) not converted to a label:
; Data block at 57981
WARNING: Comment contains address (57993) not converted to a label:
; Routine at 57993
WARNING: Comment contains address (57996) not converted to a label:
; Data block at 57996
WARNING: Comment contains address (57998) not converted to a label:
; Message at 57998
WARNING: Comment contains address (58001) not converted to a label:
; Data block at 58001
WARNING: Comment contains address (58003) not converted to a label:
; Message at 58003
WARNING: Comment contains address (58006) not converted to a label:
; Data block at 58006
WARNING: Comment contains address (58011) not converted to a label:
; Message at 58011
WARNING: Comment contains address (58015) not converted to a label:
; Data block at 58015
WARNING: Comment contains address (58019) not converted to a label:
; Message at 58019
WARNING: Comment contains address (58023) not converted to a label:
; Data block at 58023
WARNING: Comment contains address (58038) not converted to a label:
; Message at 58038
WARNING: Comment contains address (58041) not converted to a label:
; Data block at 58041
WARNING: Comment contains address (58071) not converted to a label:
; Message at 58071
WARNING: Comment contains address (58074) not converted to a label:
; Data block at 58074
WARNING: Comment contains address (58075) not converted to a label:
; Message at 58075
WARNING: Comment contains address (58078) not converted to a label:
; Data block at 58078
WARNING: Comment contains address (58120) not converted to a label:
; Message at 58120
WARNING: Comment contains address (58123) not converted to a label:
; Data block at 58123
WARNING: Comment contains address (58126) not converted to a label:
; Message at 58126
WARNING: Comment contains address (58129) not converted to a label:
; Data block at 58129
WARNING: Comment contains address (58139) not converted to a label:
; Message at 58139
WARNING: Comment contains address (58143) not converted to a label:
; Data block at 58143
WARNING: Comment contains address (58199) not converted to a label:
; Message at 58199
WARNING: Comment contains address (58202) not converted to a label:
; Data block at 58202
WARNING: Comment contains address (58203) not converted to a label:
; Message at 58203
WARNING: Comment contains address (58206) not converted to a label:
; Data block at 58206
WARNING: Comment contains address (58213) not converted to a label:
; Message at 58213
WARNING: Comment contains address (58216) not converted to a label:
; Data block at 58216
WARNING: Comment contains address (58331) not converted to a label:
; Message at 58331
WARNING: Comment contains address (58334) not converted to a label:
; Data block at 58334
WARNING: Comment contains address (58353) not converted to a label:
; Routine at 58353
WARNING: Comment contains address (58374) not converted to a label:
; Routine at 58374
WARNING: Comment contains address (58388) not converted to a label:
; Data block at 58388
WARNING: Comment contains address (58428) not converted to a label:
; Routine at 58428
WARNING: Comment contains address (58434) not converted to a label:
; Data block at 58434
WARNING: Comment contains address (58479) not converted to a label:
; Routine at 58479
WARNING: Comment contains address (58518) not converted to a label:
; Routine at 58518
WARNING: Comment contains address (58525) not converted to a label:
; Routine at 58525
WARNING: Comment contains address (58527) not converted to a label:
; Routine at 58527
WARNING: Comment contains address (58529) not converted to a label:
; Message at 58529
WARNING: Comment contains address (58534) not converted to a label:
; Data block at 58534
WARNING: Comment contains address (58760) not converted to a label:
; Message at 58760
WARNING: Comment contains address (58763) not converted to a label:
; Data block at 58763
WARNING: Comment contains address (58800) not converted to a label:
; Message at 58800
WARNING: Comment contains address (58803) not converted to a label:
; Data block at 58803
WARNING: Comment contains address (58827) not converted to a label:
; Message at 58827
WARNING: Comment contains address (58830) not converted to a label:
; Data block at 58830
WARNING: Comment contains address (58874) not converted to a label:
; Message at 58874
WARNING: Comment contains address (58877) not converted to a label:
; Data block at 58877
WARNING: Comment contains address (58888) not converted to a label:
; Message at 58888
WARNING: Comment contains address (58893) not converted to a label:
; Data block at 58893
WARNING: Comment contains address (58939) not converted to a label:
; Routine at 58939
WARNING: Comment contains address (58952) not converted to a label:
; Routine at 58952
WARNING: Comment contains address (58956) not converted to a label:
; Data block at 58956
WARNING: Comment contains address (59041) not converted to a label:
; Routine at 59041
WARNING: Comment contains address (59042) not converted to a label:
; Data block at 59042
WARNING: Comment contains address (59089) not converted to a label:
; Message at 59089
WARNING: Comment contains address (59092) not converted to a label:
; Data block at 59092
WARNING: Comment contains address (59147) not converted to a label:
; Message at 59147
WARNING: Comment contains address (59150) not converted to a label:
; Data block at 59150
WARNING: Comment contains address (59239) not converted to a label:
; Message at 59239
WARNING: Comment contains address (59242) not converted to a label:
; Data block at 59242
WARNING: Comment contains address (59358) not converted to a label:
; Routine at 59358
WARNING: Comment contains address (59372) not converted to a label:
; Routine at 59372
WARNING: Could not convert address 59372 to label
WARNING: Comment contains address (59372) not converted to a label:
; Used by the routine at 59372.
WARNING: Comment contains address (59377) not converted to a label:
; Routine at 59377
WARNING: Comment contains address (59384) not converted to a label:
; Message at 59384
WARNING: Could not convert address 59377 to label
WARNING: Comment contains address (59377) not converted to a label:
; Used by the routine at 59377.
WARNING: Comment contains address (59388) not converted to a label:
; Data block at 59388
WARNING: Comment contains address (59503) not converted to a label:
; Routine at 59503
WARNING: Comment contains address (59511) not converted to a label:
; Data block at 59511
WARNING: Could not convert address 59503 to label
WARNING: Comment contains address (59503) not converted to a label:
; Used by the routine at 59503.
WARNING: Comment contains address (59542) not converted to a label:
; Routine at 59542
WARNING: Comment contains address (59554) not converted to a label:
; Data block at 59554
WARNING: Comment contains address (59586) not converted to a label:
; Routine at 59586
WARNING: Comment contains address (59592) not converted to a label:
; Data block at 59592
WARNING: Could not convert address 59586 to label
WARNING: Comment contains address (59586) not converted to a label:
; Used by the routine at 59586.
WARNING: Comment contains address (59607) not converted to a label:
; Routine at 59607
WARNING: Could not convert address 59542 to label
WARNING: Comment above 59608 contains address (59542) not converted to a label:
; This entry point is used by the routine at 59542.
WARNING: Comment contains address (59622) not converted to a label:
; Routine at 59622
WARNING: Comment contains address (59624) not converted to a label:
; Data block at 59624
WARNING: Comment contains address (59665) not converted to a label:
; Message at 59665
WARNING: Comment contains address (59668) not converted to a label:
; Data block at 59668
WARNING: Comment contains address (59671) not converted to a label:
; Message at 59671
WARNING: Comment contains address (59675) not converted to a label:
; Data block at 59675
WARNING: Comment contains address (59739) not converted to a label:
; Routine at 59739
WARNING: Comment contains address (59752) not converted to a label:
; Data block at 59752
WARNING: Comment contains address (59764) not converted to a label:
; Routine at 59764
WARNING: Comment contains address (59772) not converted to a label:
; Message at 59772
WARNING: Comment contains address (59781) not converted to a label:
; Routine at 59781
WARNING: Comment contains address (59789) not converted to a label:
; Data block at 59789
WARNING: Comment contains address (59918) not converted to a label:
; Routine at 59918
WARNING: Comment contains address (59924) not converted to a label:
; Data block at 59924
WARNING: Comment contains address (59927) not converted to a label:
; Message at 59927
WARNING: Comment contains address (59931) not converted to a label:
; Data block at 59931
WARNING: Comment contains address (59933) not converted to a label:
; Message at 59933
WARNING: Comment contains address (59937) not converted to a label:
; Data block at 59937
WARNING: Comment contains address (59971) not converted to a label:
; Routine at 59971
WARNING: Comment contains address (59975) not converted to a label:
; Routine at 59975
WARNING: Comment contains address (59978) not converted to a label:
; Data block at 59978
WARNING: Comment contains address (60320) not converted to a label:
; Routine at 60320
WARNING: Comment contains address (60323) not converted to a label:
; Data block at 60323
WARNING: Comment contains address (60381) not converted to a label:
; Message at 60381
WARNING: Comment contains address (60384) not converted to a label:
; Data block at 60384
WARNING: Comment contains address (60395) not converted to a label:
; Message at 60395
WARNING: Comment contains address (60398) not converted to a label:
; Data block at 60398
WARNING: Comment contains address (60444) not converted to a label:
; Message at 60444
WARNING: Comment contains address (60448) not converted to a label:
; Data block at 60448
WARNING: Comment contains address (60460) not converted to a label:
; Message at 60460
WARNING: Comment contains address (60465) not converted to a label:
; Data block at 60465
WARNING: Comment contains address (60479) not converted to a label:
; Routine at 60479
WARNING: Comment contains address (60483) not converted to a label:
; Routine at 60483
WARNING: Comment contains address (60499) not converted to a label:
; Data block at 60499
WARNING: Comment contains address (60573) not converted to a label:
; Message at 60573
WARNING: Comment contains address (60576) not converted to a label:
; Data block at 60576
WARNING: Comment contains address (60587) not converted to a label:
; Message at 60587
WARNING: Comment contains address (60590) not converted to a label:
; Data block at 60590
WARNING: Comment contains address (60636) not converted to a label:
; Message at 60636
WARNING: Comment contains address (60640) not converted to a label:
; Data block at 60640
WARNING: Comment contains address (60759) not converted to a label:
; Routine at 60759
WARNING: Comment contains address (60828) not converted to a label:
; Data block at 60828
WARNING: Comment contains address (60976) not converted to a label:
; Message at 60976
WARNING: Comment contains address (60979) not converted to a label:
; Data block at 60979
WARNING: Comment contains address (60980) not converted to a label:
; Message at 60980
WARNING: Comment contains address (60983) not converted to a label:
; Data block at 60983
WARNING: Comment contains address (60995) not converted to a label:
; Message at 60995
WARNING: Comment contains address (60998) not converted to a label:
; Data block at 60998
WARNING: Comment contains address (60999) not converted to a label:
; Message at 60999
WARNING: Comment contains address (61002) not converted to a label:
; Data block at 61002
WARNING: Comment contains address (61034) not converted to a label:
; Message at 61034
WARNING: Comment contains address (61038) not converted to a label:
; Data block at 61038
WARNING: Comment contains address (61048) not converted to a label:
; Message at 61048
WARNING: Comment contains address (61054) not converted to a label:
; Data block at 61054
WARNING: Comment contains address (61060) not converted to a label:
; Message at 61060
WARNING: Comment contains address (61064) not converted to a label:
; Routine at 61064
WARNING: Comment contains address (61103) not converted to a label:
; Routine at 61103
WARNING: Comment contains address (61127) not converted to a label:
; Data block at 61127
WARNING: Comment contains address (61158) not converted to a label:
; Message at 61158
WARNING: Comment contains address (61161) not converted to a label:
; Data block at 61161
WARNING: Comment contains address (61176) not converted to a label:
; Message at 61176
WARNING: Comment contains address (61182) not converted to a label:
; Data block at 61182
WARNING: Comment contains address (61188) not converted to a label:
; Message at 61188
WARNING: Comment contains address (61194) not converted to a label:
; Data block at 61194
WARNING: Comment contains address (61251) not converted to a label:
; Message at 61251
WARNING: Comment contains address (61254) not converted to a label:
; Data block at 61254
WARNING: Comment contains address (61317) not converted to a label:
; Routine at 61317
WARNING: Comment contains address (61349) not converted to a label:
; Data block at 61349
WARNING: Comment contains address (61362) not converted to a label:
; Message at 61362
WARNING: Comment contains address (61365) not converted to a label:
; Data block at 61365
WARNING: Comment contains address (61389) not converted to a label:
; Message at 61389
WARNING: Comment contains address (61392) not converted to a label:
; Data block at 61392
WARNING: Comment contains address (61435) not converted to a label:
; Message at 61435
WARNING: Comment contains address (61438) not converted to a label:
; Data block at 61438
WARNING: Comment contains address (61439) not converted to a label:
; Message at 61439
WARNING: Comment contains address (61442) not converted to a label:
; Data block at 61442
WARNING: Comment contains address (61535) not converted to a label:
; Routine at 61535
WARNING: Comment contains address (61596) not converted to a label:
; Routine at 61596
WARNING: Could not convert address 61535 to label
WARNING: Comment above 61607 contains address (61535) not converted to a label:
; This entry point is used by the routine at 61535.
WARNING: Comment contains address (61614) not converted to a label:
; Data block at 61614
WARNING: Comment contains address (61624) not converted to a label:
; Message at 61624
WARNING: Comment contains address (61627) not converted to a label:
; Data block at 61627
WARNING: Comment contains address (61628) not converted to a label:
; Message at 61628
WARNING: Comment contains address (61634) not converted to a label:
; Data block at 61634
WARNING: Could not convert address 61596 to label
WARNING: Comment contains address (61596) not converted to a label:
; Used by the routine at 61596.
WARNING: Comment contains address (61644) not converted to a label:
; Routine at 61644
WARNING: Comment contains address (61650) not converted to a label:
; Data block at 61650
WARNING: Could not convert address 61644 to label
WARNING: Comment contains address (61644) not converted to a label:
; Used by the routine at 61644.
WARNING: Comment contains address (61705) not converted to a label:
; Message at 61705
WARNING: Comment contains address (61709) not converted to a label:
; Data block at 61709
WARNING: Comment contains address (61712) not converted to a label:
; Routine at 61712
WARNING: Comment contains address (61723) not converted to a label:
; Data block at 61723
WARNING: Comment contains address (61848) not converted to a label:
; Message at 61848
WARNING: Comment contains address (61861) not converted to a label:
; Data block at 61861
WARNING: Comment contains address (61870) not converted to a label:
; Message at 61870
WARNING: Comment contains address (61881) not converted to a label:
; Data block at 61881
WARNING: Comment contains address (61882) not converted to a label:
; Message at 61882
WARNING: Comment contains address (61893) not converted to a label:
; Data block at 61893
WARNING: Comment contains address (61904) not converted to a label:
; Message at 61904
WARNING: Comment contains address (61908) not converted to a label:
; Data block at 61908
WARNING: Comment contains address (61909) not converted to a label:
; Message at 61909
WARNING: Comment contains address (61920) not converted to a label:
; Data block at 61920
WARNING: Comment contains address (61924) not converted to a label:
; Message at 61924
WARNING: Comment contains address (61929) not converted to a label:
; Data block at 61929
WARNING: Comment contains address (61935) not converted to a label:
; Message at 61935
WARNING: Comment contains address (61938) not converted to a label:
; Data block at 61938
WARNING: Comment contains address (61947) not converted to a label:
; Message at 61947
WARNING: Comment contains address (61951) not converted to a label:
; Data block at 61951
WARNING: Comment contains address (61967) not converted to a label:
; Message at 61967
WARNING: Comment contains address (61970) not converted to a label:
; Data block at 61970
WARNING: Comment contains address (61974) not converted to a label:
; Message at 61974
WARNING: Comment contains address (61978) not converted to a label:
; Data block at 61978
WARNING: Comment contains address (61994) not converted to a label:
; Message at 61994
WARNING: Comment contains address (62000) not converted to a label:
; Data block at 62000
WARNING: Comment contains address (62021) not converted to a label:
; Message at 62021
WARNING: Comment contains address (62024) not converted to a label:
; Data block at 62024
WARNING: Comment contains address (62034) not converted to a label:
; Message at 62034
WARNING: Comment contains address (62037) not converted to a label:
; Data block at 62037
WARNING: Comment contains address (62039) not converted to a label:
; Routine at 62039
WARNING: Comment contains address (62046) not converted to a label:
; Data block at 62046
WARNING: Comment contains address (62660) not converted to a label:
; Message at 62660
WARNING: Comment contains address (62663) not converted to a label:
; Data block at 62663
WARNING: Comment contains address (62680) not converted to a label:
; Message at 62680
WARNING: Comment contains address (62685) not converted to a label:
; Data block at 62685
WARNING: Comment contains address (62729) not converted to a label:
; Message at 62729
WARNING: Comment contains address (62733) not converted to a label:
; Data block at 62733
WARNING: Comment contains address (62750) not converted to a label:
; Routine at 62750
WARNING: Comment contains address (62753) not converted to a label:
; Data block at 62753
WARNING: Comment contains address (62758) not converted to a label:
; Message at 62758
WARNING: Comment contains address (62766) not converted to a label:
; Data block at 62766
WARNING: Comment contains address (62777) not converted to a label:
; Message at 62777
WARNING: Comment contains address (62780) not converted to a label:
; Data block at 62780
WARNING: Comment contains address (62781) not converted to a label:
; Message at 62781
WARNING: Comment contains address (62784) not converted to a label:
; Routine at 62784
WARNING: Could not convert address 62750 to label
WARNING: Comment above 62793 contains address (62750) not converted to a label:
; This entry point is used by the routine at 62750.
WARNING: Comment contains address (62809) not converted to a label:
; Routine at 62809
WARNING: Comment contains address (62823) not converted to a label:
; Routine at 62823
WARNING: Comment contains address (62825) not converted to a label:
; Routine at 62825
WARNING: Could not convert address 62823 to label
WARNING: Comment contains address (62823) not converted to a label:
; Used by the routine at 62823.
WARNING: Comment contains address (62828) not converted to a label:
; Data block at 62828
WARNING: Comment contains address (62830) not converted to a label:
; Routine at 62830
WARNING: Comment contains address (62833) not converted to a label:
; Data block at 62833
WARNING: Could not convert address 62830 to label
WARNING: Comment contains address (62830) not converted to a label:
; Used by the routine at 62830.
WARNING: Comment contains address (62835) not converted to a label:
; Message at 62835
WARNING: Comment contains address (62838) not converted to a label:
; Data block at 62838
WARNING: Comment contains address (62842) not converted to a label:
; Routine at 62842
WARNING: Could not convert address 62809 to label
WARNING: Comment above 62847 contains address (62809) not converted to a label:
; This entry point is used by the routine at 62809.
WARNING: Comment contains address (62851) not converted to a label:
; Data block at 62851
WARNING: Comment contains address (62859) not converted to a label:
; Message at 62859
WARNING: Comment contains address (62862) not converted to a label:
; Routine at 62862
WARNING: Could not convert address 62825 to label
WARNING: Comment above 62864 contains address (62825) not converted to a label:
; This entry point is used by the routine at 62825.
WARNING: Comment contains address (62868) not converted to a label:
; Data block at 62868
WARNING: Comment contains address (62875) not converted to a label:
; Message at 62875
WARNING: Comment contains address (62878) not converted to a label:
; Routine at 62878
WARNING: Comment contains address (62887) not converted to a label:
; Data block at 62887
WARNING: Could not convert address 62842 to label
WARNING: Comment contains address (62842) not converted to a label:
; Used by the routine at 62842.
WARNING: Comment contains address (62894) not converted to a label:
; Routine at 62894
WARNING: Could not convert address 62862 to label
WARNING: Comment above 62904 contains address (62862) not converted to a label:
; This entry point is used by the routine at 62862.
WARNING: Could not convert address 62878 to label
WARNING: Comment above 62927 contains address (62878) not converted to a label:
; This entry point is used by the routine at 62878.
WARNING: Comment contains address (62932) not converted to a label:
; Routine at 62932
WARNING: Comment contains address (62950) not converted to a label:
; Data block at 62950
WARNING: Comment contains address (63012) not converted to a label:
; Routine at 63012
WARNING: Comment contains address (63032) not converted to a label:
; Data block at 63032
WARNING: Comment contains address (63034) not converted to a label:
; Message at 63034
WARNING: Comment contains address (63039) not converted to a label:
; Data block at 63039
WARNING: Comment contains address (63098) not converted to a label:
; Message at 63098
WARNING: Comment contains address (63102) not converted to a label:
; Data block at 63102
WARNING: Comment contains address (63259) not converted to a label:
; Message at 63259
WARNING: Comment contains address (63263) not converted to a label:
; Data block at 63263
WARNING: Comment contains address (63303) not converted to a label:
; Routine at 63303
WARNING: Comment contains address (63307) not converted to a label:
; Routine at 63307
WARNING: Comment contains address (63314) not converted to a label:
; Data block at 63314
WARNING: Comment contains address (63353) not converted to a label:
; Routine at 63353
WARNING: Could not convert address 63303 to label
WARNING: Comment above 63359 contains address (63303) not converted to a label:
; This entry point is used by the routine at 63303.
WARNING: Comment contains address (63374) not converted to a label:
; Message at 63374
WARNING: Comment contains address (63377) not converted to a label:
; Data block at 63377
WARNING: Comment contains address (63435) not converted to a label:
; Message at 63435
WARNING: Comment contains address (63444) not converted to a label:
; Routine at 63444
WARNING: Could not convert address 63353 to label
WARNING: Comment above 63448 contains address (63353) not converted to a label:
; This entry point is used by the routine at 63353.
WARNING: Comment contains address (63461) not converted to a label:
; Data block at 63461
WARNING: Comment contains address (63489) not converted to a label:
; Routine at 63489
WARNING: Comment contains address (63495) not converted to a label:
; Data block at 63495
WARNING: Comment contains address (63506) not converted to a label:
; Message at 63506
WARNING: Comment contains address (63509) not converted to a label:
; Data block at 63509
WARNING: Comment contains address (63511) not converted to a label:
; Message at 63511
WARNING: Comment contains address (63516) not converted to a label:
; Data block at 63516
WARNING: Comment contains address (63554) not converted to a label:
; Message at 63554
WARNING: Comment contains address (63557) not converted to a label:
; Data block at 63557
WARNING: Comment contains address (63575) not converted to a label:
; Routine at 63575
WARNING: Comment contains address (63617) not converted to a label:
; Data block at 63617
WARNING: Comment contains address (63650) not converted to a label:
; Message at 63650
WARNING: Comment contains address (63653) not converted to a label:
; Data block at 63653
WARNING: Comment contains address (63688) not converted to a label:
; Routine at 63688
WARNING: Comment contains address (63705) not converted to a label:
; Data block at 63705
WARNING: Comment contains address (63832) not converted to a label:
; Routine at 63832
WARNING: Comment contains address (63838) not converted to a label:
; Routine at 63838
WARNING: Comment contains address (63850) not converted to a label:
; Data block at 63850
WARNING: Comment contains address (63873) not converted to a label:
; Message at 63873
WARNING: Comment contains address (63877) not converted to a label:
; Data block at 63877
WARNING: Comment contains address (63899) not converted to a label:
; Routine at 63899
WARNING: Comment contains address (63926) not converted to a label:
; Data block at 63926
WARNING: Comment contains address (64136) not converted to a label:
; Routine at 64136
WARNING: Comment contains address (64149) not converted to a label:
; Routine at 64149
WARNING: Comment contains address (64152) not converted to a label:
; Routine at 64152
WARNING: Comment contains address (64165) not converted to a label:
; Routine at 64165
WARNING: Comment contains address (64168) not converted to a label:
; Message at 64168
WARNING: Comment contains address (64184) not converted to a label:
; Routine at 64184
WARNING: Comment contains address (64189) not converted to a label:
; Routine at 64189
WARNING: Comment contains address (64192) not converted to a label:
; Routine at 64192
WARNING: Comment contains address (64205) not converted to a label:
; Routine at 64205
WARNING: Comment contains address (64208) not converted to a label:
; Data block at 64208
WARNING: Comment contains address (64541) not converted to a label:
; Message at 64541
WARNING: Comment contains address (64544) not converted to a label:
; Data block at 64544
WARNING: Comment contains address (64596) not converted to a label:
; Routine at 64596
WARNING: Could not convert address 43554 to label
WARNING: Could not convert address 46683 to label
WARNING: Comment above 64600 contains addresses (43554, 46683) not converted to labels:
; This entry point is used by the routines at 43554 and 46683.
WARNING: Could not convert address 43569 to label
WARNING: Comment above 64612 contains address (43569) not converted to a label:
; This entry point is used by the routine at 43569.
WARNING: Comment contains address (64624) not converted to a label:
; Data block at 64624
WARNING: Comment contains address (64636) not converted to a label:
; Routine at 64636
WARNING: Could not convert address 64671 to label
WARNING: Comment contains address (64671) not converted to a label:
; Used by the routine at 64671.
WARNING: Could not convert address 64663 to label
WARNING: Comment above 64640 contains address (64663) not converted to a label:
; This entry point is used by the routine at 64663.
WARNING: Comment contains address (64649) not converted to a label:
; Routine at 64649
WARNING: Could not convert address 64671 to label
WARNING: Comment contains address (64671) not converted to a label:
; Used by the routine at 64671.
WARNING: Comment contains address (64663) not converted to a label:
; Routine at 64663
WARNING: Could not convert address 64636 to label
WARNING: Comment contains address (64636) not converted to a label:
; Used by the routine at 64636.
WARNING: Comment contains address (64671) not converted to a label:
; Routine at 64671
WARNING: Could not convert address 64596 to label
WARNING: Comment contains address (64596) not converted to a label:
; Used by the routine at 64596.
WARNING: Could not convert address 64764 to label
WARNING: Comment above 64733 contains address (64764) not converted to a label:
; This entry point is used by the routine at 64764.
WARNING: Could not convert address 64764 to label
WARNING: Comment above 64735 contains address (64764) not converted to a label:
; This entry point is used by the routine at 64764.
WARNING: Could not convert address 64764 to label
WARNING: Comment above 64749 contains address (64764) not converted to a label:
; This entry point is used by the routine at 64764.
WARNING: Comment contains address (64760) not converted to a label:
; Message at 64760
WARNING: Comment contains address (64764) not converted to a label:
; Routine at 64764
WARNING: Could not convert address 64671 to label
WARNING: Comment contains address (64671) not converted to a label:
; Used by the routine at 64671.
WARNING: Could not convert address 64671 to label
WARNING: Comment above 64771 contains address (64671) not converted to a label:
; This entry point is used by the routine at 64671.
WARNING: Comment contains address (64782) not converted to a label:
; Routine at 64782
WARNING: Could not convert address 64671 to label
WARNING: Comment contains address (64671) not converted to a label:
; Used by the routine at 64671.
WARNING: Comment contains address (64812) not converted to a label:
; Data block at 64812
WARNING: Comment contains address (64825) not converted to a label:
; Message at 64825
WARNING: Comment contains address (64829) not converted to a label:
; Data block at 64829
WARNING: Comment contains address (64830) not converted to a label:
; Message at 64830
WARNING: Comment contains address (64836) not converted to a label:
; Data block at 64836
WARNING: Comment contains address (64837) not converted to a label:
; Message at 64837
WARNING: Comment contains address (64849) not converted to a label:
; Routine at 64849
WARNING: Comment contains address (64855) not converted to a label:
; Data block at 64855
WARNING: Comment contains address (64873) not converted to a label:
; Message at 64873
WARNING: Comment contains address (64876) not converted to a label:
; Data block at 64876
WARNING: Comment contains address (65044) not converted to a label:
; Routine at 65044
WARNING: Comment contains address (65062) not converted to a label:
; Routine at 65062
WARNING: Comment contains address (65066) not converted to a label:
; Routine at 65066
WARNING: Comment contains address (65070) not converted to a label:
; Routine at 65070
WARNING: Comment contains address (65074) not converted to a label:
; Routine at 65074
WARNING: Could not convert address 65044 to label
WARNING: Comment above 65081 contains address (65044) not converted to a label:
; This entry point is used by the routine at 65044.
WARNING: Could not convert address 65044 to label
WARNING: Comment above 65084 contains address (65044) not converted to a label:
; This entry point is used by the routine at 65044.
WARNING: Comment contains address (65086) not converted to a label:
; Routine at 65086
WARNING: Comment contains address (65091) not converted to a label:
; Routine at 65091
WARNING: Could not convert address 65070 to label
WARNING: Could not convert address 65086 to label
WARNING: Comment contains addresses (65070, 65086) not converted to labels:
; Used by the routines at 65070 and 65086.
WARNING: Could not convert address 65074 to label
WARNING: Comment above 65105 contains address (65074) not converted to a label:
; This entry point is used by the routine at 65074.
WARNING: Comment contains address (65118) not converted to a label:
; Routine at 65118
WARNING: Comment contains address (65122) not converted to a label:
; Routine at 65122
WARNING: Comment contains address (65140) not converted to a label:
; Routine at 65140
WARNING: Comment contains address (65142) not converted to a label:
; Routine at 65142
WARNING: Comment contains address (65144) not converted to a label:
; Routine at 65144
WARNING: Comment contains address (65146) not converted to a label:
; Routine at 65146
WARNING: Comment contains address (65148) not converted to a label:
; Routine at 65148
WARNING: Comment contains address (65150) not converted to a label:
; Routine at 65150
WARNING: Comment contains address (65152) not converted to a label:
; Data block at 65152
WARNING: Comment contains address (65156) not converted to a label:
; Routine at 65156
WARNING: Comment contains address (65159) not converted to a label:
; Routine at 65159
WARNING: Comment contains address (65161) not converted to a label:
; Routine at 65161
WARNING: Comment contains address (65163) not converted to a label:
; Routine at 65163
WARNING: Comment contains address (65165) not converted to a label:
; Routine at 65165
WARNING: Comment contains address (65167) not converted to a label:
; Routine at 65167
WARNING: Comment contains address (65169) not converted to a label:
; Routine at 65169
WARNING: Could not convert address 65140 to label
WARNING: Comment contains address (65140) not converted to a label:
; Used by the routine at 65140.
WARNING: Comment contains address (65171) not converted to a label:
; Routine at 65171
WARNING: Comment contains address (65173) not converted to a label:
; Routine at 65173
WARNING: Could not convert address 65142 to label
WARNING: Comment contains address (65142) not converted to a label:
; Used by the routine at 65142.
WARNING: Comment contains address (65175) not converted to a label:
; Routine at 65175
WARNING: Comment contains address (65177) not converted to a label:
; Routine at 65177
WARNING: Could not convert address 65144 to label
WARNING: Could not convert address 65148 to label
WARNING: Comment contains addresses (65144, 65148) not converted to labels:
; Used by the routines at 65144 and 65148.
WARNING: Comment contains address (65179) not converted to a label:
; Routine at 65179
WARNING: Comment contains address (65181) not converted to a label:
; Routine at 65181
WARNING: Could not convert address 65150 to label
WARNING: Comment contains address (65150) not converted to a label:
; Used by the routine at 65150.
WARNING: Comment contains address (65183) not converted to a label:
; Routine at 65183
WARNING: Comment contains address (65185) not converted to a label:
; Routine at 65185
WARNING: Comment contains address (65187) not converted to a label:
; Routine at 65187
WARNING: Comment contains address (65189) not converted to a label:
; Routine at 65189
WARNING: Comment contains address (65191) not converted to a label:
; Routine at 65191
WARNING: Comment contains address (65193) not converted to a label:
; Routine at 65193
WARNING: Comment contains address (65195) not converted to a label:
; Routine at 65195
WARNING: Comment contains address (65197) not converted to a label:
; Routine at 65197
WARNING: Could not convert address 65163 to label
WARNING: Comment contains address (65163) not converted to a label:
; Used by the routine at 65163.
WARNING: Comment contains address (65199) not converted to a label:
; Routine at 65199
WARNING: Could not convert address 65171 to label
WARNING: Comment contains address (65171) not converted to a label:
; Used by the routine at 65171.
WARNING: Comment contains address (65201) not converted to a label:
; Routine at 65201
WARNING: Comment contains address (65203) not converted to a label:
; Routine at 65203
WARNING: Comment contains address (65205) not converted to a label:
; Routine at 65205
WARNING: Comment contains address (65207) not converted to a label:
; Routine at 65207
WARNING: Comment contains address (65209) not converted to a label:
; Routine at 65209
WARNING: Comment contains address (65211) not converted to a label:
; Routine at 65211
WARNING: Comment contains address (65213) not converted to a label:
; Routine at 65213
WARNING: Could not convert address 65179 to label
WARNING: Comment contains address (65179) not converted to a label:
; Used by the routine at 65179.
WARNING: Comment contains address (65215) not converted to a label:
; Routine at 65215
WARNING: Could not convert address 65187 to label
WARNING: Comment contains address (65187) not converted to a label:
; Used by the routine at 65187.
WARNING: Comment contains address (65217) not converted to a label:
; Routine at 65217
WARNING: Comment contains address (65219) not converted to a label:
; Routine at 65219
WARNING: Comment contains address (65221) not converted to a label:
; Routine at 65221
WARNING: Comment contains address (65223) not converted to a label:
; Routine at 65223
WARNING: Comment contains address (65225) not converted to a label:
; Routine at 65225
WARNING: Comment contains address (65227) not converted to a label:
; Routine at 65227
WARNING: Comment contains address (65229) not converted to a label:
; Routine at 65229
WARNING: Could not convert address 65195 to label
WARNING: Comment contains address (65195) not converted to a label:
; Used by the routine at 65195.
WARNING: Comment contains address (65231) not converted to a label:
; Routine at 65231
WARNING: Could not convert address 65203 to label
WARNING: Comment contains address (65203) not converted to a label:
; Used by the routine at 65203.
WARNING: Comment contains address (65233) not converted to a label:
; Routine at 65233
WARNING: Comment contains address (65235) not converted to a label:
; Routine at 65235
WARNING: Comment contains address (65237) not converted to a label:
; Routine at 65237
WARNING: Comment contains address (65239) not converted to a label:
; Routine at 65239
WARNING: Comment contains address (65241) not converted to a label:
; Routine at 65241
WARNING: Comment contains address (65243) not converted to a label:
; Routine at 65243
WARNING: Comment contains address (65245) not converted to a label:
; Routine at 65245
WARNING: Could not convert address 65211 to label
WARNING: Comment contains address (65211) not converted to a label:
; Used by the routine at 65211.
WARNING: Comment contains address (65247) not converted to a label:
; Routine at 65247
WARNING: Could not convert address 65219 to label
WARNING: Comment contains address (65219) not converted to a label:
; Used by the routine at 65219.
WARNING: Comment contains address (65249) not converted to a label:
; Routine at 65249
WARNING: Comment contains address (65251) not converted to a label:
; Routine at 65251
WARNING: Comment contains address (65253) not converted to a label:
; Routine at 65253
WARNING: Comment contains address (65255) not converted to a label:
; Routine at 65255
WARNING: Comment contains address (65257) not converted to a label:
; Routine at 65257
WARNING: Comment contains address (65259) not converted to a label:
; Routine at 65259
WARNING: Comment contains address (65261) not converted to a label:
; Routine at 65261
WARNING: Could not convert address 65227 to label
WARNING: Comment contains address (65227) not converted to a label:
; Used by the routine at 65227.
WARNING: Comment contains address (65263) not converted to a label:
; Routine at 65263
WARNING: Could not convert address 65235 to label
WARNING: Comment contains address (65235) not converted to a label:
; Used by the routine at 65235.
WARNING: Comment contains address (65265) not converted to a label:
; Routine at 65265
WARNING: Comment contains address (65267) not converted to a label:
; Routine at 65267
WARNING: Comment contains address (65269) not converted to a label:
; Routine at 65269
WARNING: Comment contains address (65271) not converted to a label:
; Routine at 65271
WARNING: Comment contains address (65273) not converted to a label:
; Routine at 65273
WARNING: Comment contains address (65275) not converted to a label:
; Routine at 65275
WARNING: Comment contains address (65277) not converted to a label:
; Routine at 65277
WARNING: Could not convert address 65243 to label
WARNING: Comment contains address (65243) not converted to a label:
; Used by the routine at 65243.
WARNING: Comment contains address (65279) not converted to a label:
; Routine at 65279
WARNING: Could not convert address 65251 to label
WARNING: Comment contains address (65251) not converted to a label:
; Used by the routine at 65251.
WARNING: Comment contains address (65281) not converted to a label:
; Routine at 65281
WARNING: Comment contains address (65283) not converted to a label:
; Routine at 65283
WARNING: Could not convert address 54912 to label
WARNING: Comment contains address (54912) not converted to a label:
; Used by the routine at 54912.
WARNING: Could not convert address 50674 to label
WARNING: Comment above 65284 contains address (50674) not converted to a label:
; This entry point is used by the routine at 50674.
WARNING: Could not convert address 65255 to label
WARNING: Comment above 65286 contains address (65255) not converted to a label:
; This entry point is used by the routine at 65255.
WARNING: Could not convert address 50674 to label
WARNING: Comment above 65288 contains address (50674) not converted to a label:
; This entry point is used by the routine at 50674.
WARNING: Could not convert address 65263 to label
WARNING: Comment above 65292 contains address (65263) not converted to a label:
; This entry point is used by the routine at 65263.
WARNING: Could not convert address 63489 to label
WARNING: Could not convert address 65259 to label
WARNING: Comment above 65293 contains addresses (63489, 65259) not converted to labels:
; This entry point is used by the routines at 63489 and 65259.
WARNING: Could not convert address 65261 to label
WARNING: Comment above 65294 contains address (65261) not converted to a label:
; This entry point is used by the routine at 65261.
WARNING: Could not convert address 65267 to label
WARNING: Comment above 65295 contains address (65267) not converted to a label:
; This entry point is used by the routine at 65267.
WARNING: Could not convert address 65265 to label
WARNING: Could not convert address 65269 to label
WARNING: Comment above 65298 contains addresses (65265, 65269) not converted to labels:
; This entry point is used by the routines at 65265 and 65269.
WARNING: Could not convert address 65271 to label
WARNING: Comment above 65302 contains address (65271) not converted to a label:
; This entry point is used by the routine at 65271.
WARNING: Could not convert address 65279 to label
WARNING: Comment above 65308 contains address (65279) not converted to a label:
; This entry point is used by the routine at 65279.
WARNING: Could not convert address 65275 to label
WARNING: Comment above 65309 contains address (65275) not converted to a label:
; This entry point is used by the routine at 65275.
WARNING: Could not convert address 65277 to label
WARNING: Comment above 65310 contains address (65277) not converted to a label:
; This entry point is used by the routine at 65277.
WARNING: Could not convert address 55527 to label
WARNING: Could not convert address 61317 to label
WARNING: Could not convert address 61535 to label
WARNING: Comment above 65311 contains addresses (55527, 61317, 61535) not converted to labels:
; This entry point is used by the routines at 55527, 61317 and 61535.
WARNING: Could not convert address 65281 to label
WARNING: Comment above 65314 contains address (65281) not converted to a label:
; This entry point is used by the routine at 65281.
WARNING: Comment contains address (65319) not converted to a label:
; Routine at 65319
WARNING: Comment contains address (65321) not converted to a label:
; Routine at 65321
WARNING: Comment contains address (65323) not converted to a label:
; Routine at 65323
WARNING: Comment contains address (65325) not converted to a label:
; Routine at 65325
WARNING: Comment contains address (65327) not converted to a label:
; Routine at 65327
WARNING: Could not convert address 65283 to label
WARNING: Comment contains address (65283) not converted to a label:
; Used by the routine at 65283.
WARNING: Comment contains address (65329) not converted to a label:
; Routine at 65329
WARNING: Comment contains address (65331) not converted to a label:
; Routine at 65331
WARNING: Comment contains address (65333) not converted to a label:
; Routine at 65333
WARNING: Could not convert address 65283 to label
WARNING: Comment contains address (65283) not converted to a label:
; Used by the routine at 65283.
WARNING: Comment contains address (65335) not converted to a label:
; Routine at 65335
WARNING: Comment contains address (65337) not converted to a label:
; Routine at 65337
WARNING: Comment contains address (65339) not converted to a label:
; Routine at 65339
WARNING: Comment contains address (65341) not converted to a label:
; Routine at 65341
WARNING: Comment contains address (65343) not converted to a label:
; Routine at 65343
WARNING: Could not convert address 55527 to label
WARNING: Could not convert address 61535 to label
WARNING: Could not convert address 65283 to label
WARNING: Comment contains addresses (55527, 61535, 65283) not converted to labels:
; Used by the routines at 55527, 61535 and 65283.
WARNING: Comment contains address (65345) not converted to a label:
; Routine at 65345
WARNING: Comment contains address (65347) not converted to a label:
; Data block at 65347
WARNING: Comment contains address (65357) not converted to a label:
; Routine at 65357
WARNING: Could not convert address 65323 to label
WARNING: Comment contains address (65323) not converted to a label:
; Used by the routine at 65323.
WARNING: Could not convert address 65325 to label
WARNING: Comment above 65358 contains address (65325) not converted to a label:
; This entry point is used by the routine at 65325.
WARNING: Could not convert address 65331 to label
WARNING: Comment above 65359 contains address (65331) not converted to a label:
; This entry point is used by the routine at 65331.
WARNING: Could not convert address 65329 to label
WARNING: Could not convert address 65333 to label
WARNING: Comment above 65362 contains addresses (65329, 65333) not converted to labels:
; This entry point is used by the routines at 65329 and 65333.
WARNING: Could not convert address 51026 to label
WARNING: Comment above 65363 contains address (51026) not converted to a label:
; This entry point is used by the routine at 51026.
WARNING: Could not convert address 65335 to label
WARNING: Comment above 65366 contains address (65335) not converted to a label:
; This entry point is used by the routine at 65335.
WARNING: Could not convert address 59971 to label
WARNING: Comment above 65367 contains address (59971) not converted to a label:
; This entry point is used by the routine at 59971.
WARNING: Could not convert address 65337 to label
WARNING: Comment above 65370 contains address (65337) not converted to a label:
; This entry point is used by the routine at 65337.
WARNING: Could not convert address 65339 to label
WARNING: Comment above 65373 contains address (65339) not converted to a label:
; This entry point is used by the routine at 65339.
WARNING: Could not convert address 65341 to label
WARNING: Comment above 65374 contains address (65341) not converted to a label:
; This entry point is used by the routine at 65341.
WARNING: Could not convert address 65387 to label
WARNING: Comment above 65377 contains address (65387) not converted to a label:
; This entry point is used by the routine at 65387.
WARNING: Could not convert address 65345 to label
WARNING: Comment above 65378 contains address (65345) not converted to a label:
; This entry point is used by the routine at 65345.
WARNING: Comment contains address (65383) not converted to a label:
; Routine at 65383
WARNING: Could not convert address 65389 to label
WARNING: Comment contains address (65389) not converted to a label:
; Used by the routine at 65389.
WARNING: Comment contains address (65385) not converted to a label:
; Routine at 65385
WARNING: Comment contains address (65387) not converted to a label:
; Routine at 65387
WARNING: Comment contains address (65389) not converted to a label:
; Routine at 65389
WARNING: Comment contains address (65393) not converted to a label:
; Routine at 65393
WARNING: Comment contains address (65397) not converted to a label:
; Routine at 65397
WARNING: Could not convert address 65393 to label
WARNING: Comment contains address (65393) not converted to a label:
; Used by the routine at 65393.
WARNING: Could not convert address 63307 to label
WARNING: Comment above 65407 contains address (63307) not converted to a label:
; This entry point is used by the routine at 63307.
WARNING: Could not convert address 65357 to label
WARNING: Comment above 65419 contains address (65357) not converted to a label:
; This entry point is used by the routine at 65357.
WARNING: Could not convert address 65383 to label
WARNING: Comment above 65421 contains address (65383) not converted to a label:
; This entry point is used by the routine at 65383.
WARNING: Could not convert address 65385 to label
WARNING: Comment above 65423 contains address (65385) not converted to a label:
; This entry point is used by the routine at 65385.
WARNING: Comment contains address (65441) not converted to a label:
; Data block at 65441
WARNING: Comment contains address (65449) not converted to a label:
; Message at 65449
WARNING: Comment contains address (65455) not converted to a label:
; Data block at 65455
WARNING: Comment contains address (65465) not converted to a label:
; Message at 65465
WARNING: Comment contains address (65471) not converted to a label:
; Data block at 65471
WARNING: Comment contains address (65473) not converted to a label:
; Message at 65473
WARNING: Comment contains address (65479) not converted to a label:
; Data block at 65479
WARNING: Comment contains address (65481) not converted to a label:
; Message at 65481
WARNING: Comment contains address (65487) not converted to a label:
; Data block at 65487
WARNING: Comment contains address (65497) not converted to a label:
; Message at 65497
WARNING: Comment contains address (65503) not converted to a label:
; Data block at 65503
WARNING: Comment contains address (65529) not converted to a label:
; Message at 65529
WARNING: Comment contains address (65535) not converted to a label:
; Data block at 65535
Wrote ASM to stdout (0.66s)
